clip_id,frame_idx,timestamp_sec,split,actor_group,class_label,action_phase,action_state_label,annotation_status,person_boxes_count,fall_boxes_count,review_status,notes
FD0001,0,0.000,train,grp_session_20260216_actorA_dark_top,adl_no_fall,pre_fall_or_adl_steady,adl_sitting,COMPLETED,1,0,WORKER_VISUAL_QA_VERIFIED,Worker visual annotation verified: 1 canonical box(es). Pending independent human sign-off.
FD0001,100,1.666,train,grp_session_20260216_actorA_dark_top,adl_no_fall,pre_fall_or_adl_steady,adl_sitting,COMPLETED,1,0,WORKER_VISUAL_QA_VERIFIED,Worker visual annotation verified: 1 canonical box(es). Pending independent human sign-off.
FD0001,120,1.999,train,grp_session_20260216_actorA_dark_top,adl_no_fall,pre_fall_or_adl_steady,adl_sitting,COMPLETED,1,0,WORKER_VISUAL_QA_VERIFIED,Worker visual annotation verified: 1 canonical box(es). Pending independent human sign-off.
FD0001,150,2.499,train,grp_session_20260216_actorA_dark_top,adl_no_fall,pre_fall_or_adl_steady,adl_sitting,COMPLETED,1,0,WORKER_VISUAL_QA_VERIFIED,Worker visual annotation verified: 1 canonical box(es). Pending independent human sign-off.
FD0001,165,2.749,train,grp_session_20260216_actorA_dark_top,adl_no_fall,pre_fall_or_adl_steady,adl_sitting,COMPLETED,1,0,WORKER_VISUAL_QA_VERIFIED,Worker visual annotation verified: 1 canonical box(es). Pending independent human sign-off.
FD0001,180,2.999,train,grp_session_20260216_actorA_dark_top,adl_no_fall,pre_fall_or_adl_steady,adl_sitting,COMPLETED,1,0,WORKER_VISUAL_QA_VERIFIED,Worker visual annotation verified: 1 canonical box(es). Pending independent human sign-off.
FD0001,210,3.499,train,grp_session_20260216_actorA_dark_top,adl_no_fall,pre_fall_or_adl_steady,adl_sitting,COMPLETED,1,0,WORKER_VISUAL_QA_VERIFIED,Worker visual annotation verified: 1 canonical box(es). Pending independent human sign-off.
FD0001,225,3.749,train,grp_session_20260216_actorA_dark_top,adl_no_fall,pre_fall_or_adl_steady,adl_sitting,COMPLETED,1,0,WORKER_VISUAL_QA_VERIFIED,Worker visual annotation verified: 1 canonical box(es). Pending independent human sign-off.
FD0001,240,3.999,train,grp_session_20260216_actorA_dark_top,adl_no_fall,pre_fall_or_adl_steady,adl_sitting,COMPLETED,1,0,WORKER_VISUAL_QA_VERIFIED,Worker visual annotation verified: 1 canonical box(es). Pending independent human sign-off.
FD0001,245,4.082,train,grp_session_20260216_actorA_dark_top,adl_no_fall,transition,adl_standing_transition,COMPLETED,1,0,WORKER_VISUAL_QA_VERIFIED,Worker visual annotation verified: 1 canonical box(es). Pending independent human sign-off.
FD0001,250,4.165,train,grp_session_20260216_actorA_dark_top,adl_no_fall,transition,adl_standing_transition,COMPLETED,1,0,WORKER_VISUAL_QA_VERIFIED,Worker visual annotation verified: 1 canonical box(es). Pending independent human sign-off.
FD0001,255,4.249,train,grp_session_20260216_actorA_dark_top,adl_no_fall,transition,adl_standing_transition,COMPLETED,1,0,WORKER_VISUAL_QA_VERIFIED,Worker visual annotation verified: 1 canonical box(es). Pending independent human sign-off.
FD0001,260,4.332,train,grp_session_20260216_actorA_dark_top,adl_no_fall,transition,adl_standing_transition,COMPLETED,1,0,WORKER_VISUAL_QA_VERIFIED,Worker visual annotation verified: 1 canonical box(es). Pending independent human sign-off.
FD0001,265,4.415,train,grp_session_20260216_actorA_dark_top,adl_no_fall,transition,adl_standing_transition,COMPLETED,1,0,WORKER_VISUAL_QA_VERIFIED,Worker visual annotation verified: 1 canonical box(es). Pending independent human sign-off.
FD0001,270,4.499,train,grp_session_20260216_actorA_dark_top,adl_no_fall,transition,adl_standing_transition,COMPLETED,1,0,WORKER_VISUAL_QA_VERIFIED,Worker visual annotation verified: 1 canonical box(es). Pending independent human sign-off.
FD0001,275,4.582,train,grp_session_20260216_actorA_dark_top,adl_no_fall,transition,adl_standing_transition,COMPLETED,1,0,WORKER_VISUAL_QA_VERIFIED,Worker visual annotation verified: 1 canonical box(es). Pending independent human sign-off.
FD0001,290,4.832,train,grp_session_20260216_actorA_dark_top,adl_no_fall,adl_action,adl_walking,COMPLETED,1,0,WORKER_VISUAL_QA_VERIFIED,Worker visual annotation verified: 1 canonical box(es). Pending independent human sign-off.
FD0001,300,4.999,train,grp_session_20260216_actorA_dark_top,adl_no_fall,adl_action,adl_walking,COMPLETED,1,0,WORKER_VISUAL_QA_VERIFIED,Worker visual annotation verified: 1 canonical box(es). Pending independent human sign-off.
FD0001,310,5.165,train,grp_session_20260216_actorA_dark_top,adl_no_fall,adl_action,adl_walking,COMPLETED,1,0,WORKER_VISUAL_QA_VERIFIED,Worker visual annotation verified: 1 canonical box(es). Pending independent human sign-off.
FD0002,0,0.000,train,grp_session_20260216_actor_session1_classroom,adl_no_fall,pre_fall_or_adl_steady,adl_standing,COMPLETED,1,0,WORKER_VISUAL_QA_VERIFIED,Worker visual annotation verified: 1 canonical box(es). Pending independent human sign-off.
FD0002,20,0.340,train,grp_session_20260216_actor_session1_classroom,adl_no_fall,pre_fall_or_adl_steady,adl_standing,COMPLETED,1,0,WORKER_VISUAL_QA_VERIFIED,Worker visual annotation verified: 1 canonical box(es). Pending independent human sign-off.
FD0002,53,0.901,train,grp_session_20260216_actor_session1_classroom,adl_no_fall,adl_action,adl_bending,COMPLETED,1,0,WORKER_VISUAL_QA_VERIFIED,Worker visual annotation verified: 1 canonical box(es). Pending independent human sign-off.
FD0002,60,1.020,train,grp_session_20260216_actor_session1_classroom,adl_no_fall,adl_action,adl_bending,COMPLETED,1,0,WORKER_VISUAL_QA_VERIFIED,Worker visual annotation verified: 1 canonical box(es). Pending independent human sign-off.
FD0002,90,1.529,train,grp_session_20260216_actor_session1_classroom,adl_no_fall,adl_action,adl_walking,COMPLETED,1,0,WORKER_VISUAL_QA_VERIFIED,Worker visual annotation verified: 1 canonical box(es). Pending independent human sign-off.
FD0002,100,1.699,train,grp_session_20260216_actor_session1_classroom,adl_no_fall,adl_action,adl_walking,COMPLETED,1,0,WORKER_VISUAL_QA_VERIFIED,Worker visual annotation verified: 1 canonical box(es). Pending independent human sign-off.
FD0003,0,0.000,train,grp_session_20260216_actor_session1_classroom,adl_no_fall,adl_action,adl_standing_multi,COMPLETED,2,0,WORKER_VISUAL_QA_VERIFIED,Worker visual annotation verified: 2 canonical box(es). Pending independent human sign-off.
FD0003,30,0.600,train,grp_session_20260216_actor_session1_classroom,adl_no_fall,adl_action,adl_standing_multi,COMPLETED,2,0,WORKER_VISUAL_QA_VERIFIED,Worker visual annotation verified: 2 canonical box(es). Pending independent human sign-off.
FD0003,72,1.440,train,grp_session_20260216_actor_session1_classroom,adl_no_fall,adl_action,adl_standing_multi,COMPLETED,2,0,WORKER_VISUAL_QA_VERIFIED,Worker visual annotation verified: 2 canonical box(es). Pending independent human sign-off.
FD0003,88,1.760,train,grp_session_20260216_actor_session1_classroom,adl_no_fall,adl_action,adl_standing_multi,COMPLETED,2,0,WORKER_VISUAL_QA_VERIFIED,Worker visual annotation verified: 2 canonical box(es). Pending independent human sign-off.
FD0004,0,0.000,train,grp_session_20260216_actor_session1_classroom,adl_no_fall,pre_fall_or_adl_steady,adl_sitting,COMPLETED,1,0,WORKER_VISUAL_QA_VERIFIED,Worker visual annotation verified: 1 canonical box(es). Pending independent human sign-off.
FD0004,36,0.600,train,grp_session_20260216_actor_session1_classroom,adl_no_fall,pre_fall_or_adl_steady,adl_sitting,COMPLETED,1,0,WORKER_VISUAL_QA_VERIFIED,Worker visual annotation verified: 1 canonical box(es). Pending independent human sign-off.
FD0004,50,0.833,train,grp_session_20260216_actor_session1_classroom,adl_no_fall,pre_fall_or_adl_steady,adl_sitting,COMPLETED,1,0,WORKER_VISUAL_QA_VERIFIED,Worker visual annotation verified: 1 canonical box(es). Pending independent human sign-off.
FD0004,72,1.200,train,grp_session_20260216_actor_session1_classroom,adl_no_fall,pre_fall_or_adl_steady,adl_sitting,COMPLETED,1,0,WORKER_VISUAL_QA_VERIFIED,Worker visual annotation verified: 1 canonical box(es). Pending independent human sign-off.
FD0004,84,1.400,train,grp_session_20260216_actor_session1_classroom,adl_no_fall,pre_fall_or_adl_steady,adl_sitting,COMPLETED,1,0,WORKER_VISUAL_QA_VERIFIED,Worker visual annotation verified: 1 canonical box(es). Pending independent human sign-off.
FD0004,96,1.600,train,grp_session_20260216_actor_session1_classroom,adl_no_fall,pre_fall_or_adl_steady,adl_sitting,COMPLETED,1,0,WORKER_VISUAL_QA_VERIFIED,Worker visual annotation verified: 1 canonical box(es). Pending independent human sign-off.
FD0004,108,1.800,train,grp_session_20260216_actor_session1_classroom,adl_no_fall,pre_fall_or_adl_steady,adl_sitting,COMPLETED,1,0,WORKER_VISUAL_QA_VERIFIED,Worker visual annotation verified: 1 canonical box(es). Pending independent human sign-off.
FD0004,125,2.083,train,grp_session_20260216_actor_session1_classroom,adl_no_fall,adl_action,adl_leaning,COMPLETED,1,0,WORKER_VISUAL_QA_VERIFIED,Worker visual annotation verified: 1 canonical box(es). Pending independent human sign-off.
FD0004,142,2.366,train,grp_session_20260216_actor_session1_classroom,adl_no_fall,transition,adl_standing_transition,COMPLETED,1,0,WORKER_VISUAL_QA_VERIFIED,Worker visual annotation verified: 1 canonical box(es). Pending independent human sign-off.
FD0004,150,2.499,train,grp_session_20260216_actor_session1_classroom,adl_no_fall,transition,adl_standing_transition,COMPLETED,1,0,WORKER_VISUAL_QA_VERIFIED,Worker visual annotation verified: 1 canonical box(es). Pending independent human sign-off.
FD0004,158,2.633,train,grp_session_20260216_actor_session1_classroom,adl_no_fall,transition,adl_standing_transition,COMPLETED,1,0,WORKER_VISUAL_QA_VERIFIED,Worker visual annotation verified: 1 canonical box(es). Pending independent human sign-off.
FD0005,0,0.000,val,grp_session_20260223_actorE_black_graphic_top,adl_no_fall,pre_fall_or_adl_steady,adl_lying,COMPLETED,1,0,WORKER_VISUAL_QA_VERIFIED,Worker visual annotation verified: 1 canonical box(es). Pending independent human sign-off.
FD0005,20,0.334,val,grp_session_20260223_actorE_black_graphic_top,adl_no_fall,pre_fall_or_adl_steady,adl_lying,COMPLETED,1,0,WORKER_VISUAL_QA_VERIFIED,Worker visual annotation verified: 1 canonical box(es). Pending independent human sign-off.
FD0005,40,0.668,val,grp_session_20260223_actorE_black_graphic_top,adl_no_fall,pre_fall_or_adl_steady,adl_lying,COMPLETED,1,0,WORKER_VISUAL_QA_VERIFIED,Worker visual annotation verified: 1 canonical box(es). Pending independent human sign-off.
FD0005,50,0.835,val,grp_session_20260223_actorE_black_graphic_top,adl_no_fall,pre_fall_or_adl_steady,adl_sitting,COMPLETED,1,0,WORKER_VISUAL_QA_VERIFIED,Worker visual annotation verified: 1 canonical box(es). Pending independent human sign-off.
FD0005,60,1.002,val,grp_session_20260223_actorE_black_graphic_top,adl_no_fall,pre_fall_or_adl_steady,adl_lying,COMPLETED,1,0,WORKER_VISUAL_QA_VERIFIED,Worker visual annotation verified: 1 canonical box(es). Pending independent human sign-off.
FD0005,80,1.336,val,grp_session_20260223_actorE_black_graphic_top,adl_no_fall,pre_fall_or_adl_steady,adl_lying,COMPLETED,1,0,WORKER_VISUAL_QA_VERIFIED,Worker visual annotation verified: 1 canonical box(es). Pending independent human sign-off.
FD0005,100,1.670,val,grp_session_20260223_actorE_black_graphic_top,adl_no_fall,pre_fall_or_adl_steady,adl_lying,COMPLETED,1,0,WORKER_VISUAL_QA_VERIFIED,Worker visual annotation verified: 1 canonical box(es). Pending independent human sign-off.
FD0005,120,2.004,val,grp_session_20260223_actorE_black_graphic_top,adl_no_fall,transition,adl_sitting_transition,COMPLETED,1,0,WORKER_VISUAL_QA_VERIFIED,Worker visual annotation verified: 1 canonical box(es). Pending independent human sign-off.
FD0005,130,2.171,val,grp_session_20260223_actorE_black_graphic_top,adl_no_fall,transition,adl_sitting_transition,COMPLETED,1,0,WORKER_VISUAL_QA_VERIFIED,Worker visual annotation verified: 1 canonical box(es). Pending independent human sign-off.
FD0005,140,2.338,val,grp_session_20260223_actorE_black_graphic_top,adl_no_fall,transition,adl_sitting_transition,COMPLETED,1,0,WORKER_VISUAL_QA_VERIFIED,Worker visual annotation verified: 1 canonical box(es). Pending independent human sign-off.
FD0005,150,2.505,val,grp_session_20260223_actorE_black_graphic_top,adl_no_fall,transition,adl_sitting_transition,COMPLETED,1,0,WORKER_VISUAL_QA_VERIFIED,Worker visual annotation verified: 1 canonical box(es). Pending independent human sign-off.
FD0005,160,2.672,val,grp_session_20260223_actorE_black_graphic_top,adl_no_fall,transition,adl_sitting_transition,COMPLETED,1,0,WORKER_VISUAL_QA_VERIFIED,Worker visual annotation verified: 1 canonical box(es). Pending independent human sign-off.
FD0005,170,2.839,val,grp_session_20260223_actorE_black_graphic_top,adl_no_fall,transition,adl_sitting_transition,COMPLETED,1,0,WORKER_VISUAL_QA_VERIFIED,Worker visual annotation verified: 1 canonical box(es). Pending independent human sign-off.
FD0005,180,3.006,val,grp_session_20260223_actorE_black_graphic_top,adl_no_fall,pre_fall_or_adl_steady,adl_sitting,COMPLETED,1,0,WORKER_VISUAL_QA_VERIFIED,Worker visual annotation verified: 1 canonical box(es). Pending independent human sign-off.
FD0005,195,3.256,val,grp_session_20260223_actorE_black_graphic_top,adl_no_fall,pre_fall_or_adl_steady,adl_sitting,COMPLETED,1,0,WORKER_VISUAL_QA_VERIFIED,Worker visual annotation verified: 1 canonical box(es). Pending independent human sign-off.
FD0005,210,3.507,val,grp_session_20260223_actorE_black_graphic_top,adl_no_fall,pre_fall_or_adl_steady,adl_sitting,COMPLETED,1,0,WORKER_VISUAL_QA_VERIFIED,Worker visual annotation verified: 1 canonical box(es). Pending independent human sign-off.
FD0005,220,3.674,val,grp_session_20260223_actorE_black_graphic_top,adl_no_fall,pre_fall_or_adl_steady,adl_sitting,COMPLETED,1,0,WORKER_VISUAL_QA_VERIFIED,Worker visual annotation verified: 1 canonical box(es). Pending independent human sign-off.
FD0005,240,4.008,val,grp_session_20260223_actorE_black_graphic_top,adl_no_fall,pre_fall_or_adl_steady,adl_sitting,COMPLETED,1,0,WORKER_VISUAL_QA_VERIFIED,Worker visual annotation verified: 1 canonical box(es). Pending independent human sign-off.
FD0005,255,4.258,val,grp_session_20260223_actorE_black_graphic_top,adl_no_fall,pre_fall_or_adl_steady,adl_sitting,COMPLETED,1,0,WORKER_VISUAL_QA_VERIFIED,Worker visual annotation verified: 1 canonical box(es). Pending independent human sign-off.
FD0005,270,4.509,val,grp_session_20260223_actorE_black_graphic_top,adl_no_fall,pre_fall_or_adl_steady,adl_sitting,COMPLETED,1,0,WORKER_VISUAL_QA_VERIFIED,Worker visual annotation verified: 1 canonical box(es). Pending independent human sign-off.
FD0005,285,4.759,val,grp_session_20260223_actorE_black_graphic_top,adl_no_fall,pre_fall_or_adl_steady,adl_sitting,COMPLETED,1,0,WORKER_VISUAL_QA_VERIFIED,Worker visual annotation verified: 1 canonical box(es). Pending independent human sign-off.
FD0005,335,5.594,val,grp_session_20260223_actorE_black_graphic_top,adl_no_fall,pre_fall_or_adl_steady,adl_lying,COMPLETED,1,0,WORKER_VISUAL_QA_VERIFIED,Worker visual annotation verified: 1 canonical box(es). Pending independent human sign-off.
FD0005,385,6.429,val,grp_session_20260223_actorE_black_graphic_top,adl_no_fall,pre_fall_or_adl_steady,adl_lying,COMPLETED,1,0,WORKER_VISUAL_QA_VERIFIED,Worker visual annotation verified: 1 canonical box(es). Pending independent human sign-off.
FD0005,410,6.847,val,grp_session_20260223_actorE_black_graphic_top,adl_no_fall,pre_fall_or_adl_steady,adl_lying,COMPLETED,2,0,WORKER_VISUAL_QA_VERIFIED,Worker visual annotation verified: 2 canonical box(es). Pending independent human sign-off.
FD0005,435,7.264,val,grp_session_20260223_actorE_black_graphic_top,adl_no_fall,pre_fall_or_adl_steady,adl_lying,COMPLETED,2,0,WORKER_VISUAL_QA_VERIFIED,Worker visual annotation verified: 2 canonical box(es). Pending independent human sign-off.
FD0006,0,0.000,test,grp_session_20260223_actor_session2_studio,adl_no_fall,pre_fall_or_adl_steady,adl_sitting,COMPLETED,1,0,WORKER_VISUAL_QA_VERIFIED,Worker visual annotation verified: 1 canonical box(es). Pending independent human sign-off.
FD0006,24,0.480,test,grp_session_20260223_actor_session2_studio,adl_no_fall,pre_fall_or_adl_steady,adl_sitting,COMPLETED,1,0,WORKER_VISUAL_QA_VERIFIED,Worker visual annotation verified: 1 canonical box(es). Pending independent human sign-off.
FD0006,40,0.800,test,grp_session_20260223_actor_session2_studio,adl_no_fall,pre_fall_or_adl_steady,adl_sitting,COMPLETED,1,0,WORKER_VISUAL_QA_VERIFIED,Worker visual annotation verified: 1 canonical box(es). Pending independent human sign-off.
FD0006,48,0.960,test,grp_session_20260223_actor_session2_studio,adl_no_fall,pre_fall_or_adl_steady,adl_sitting,COMPLETED,1,0,WORKER_VISUAL_QA_VERIFIED,Worker visual annotation verified: 1 canonical box(es). Pending independent human sign-off.
FD0006,78,1.560,test,grp_session_20260223_actor_session2_studio,adl_no_fall,adl_action,adl_bending,COMPLETED,1,0,WORKER_VISUAL_QA_VERIFIED,Worker visual annotation verified: 1 canonical box(es). Pending independent human sign-off.
FD0006,94,1.880,test,grp_session_20260223_actor_session2_studio,adl_no_fall,adl_action,adl_bending,COMPLETED,1,0,WORKER_VISUAL_QA_VERIFIED,Worker visual annotation verified: 1 canonical box(es). Pending independent human sign-off.
FD0006,110,2.200,test,grp_session_20260223_actor_session2_studio,adl_no_fall,adl_action,adl_bending,COMPLETED,1,0,WORKER_VISUAL_QA_VERIFIED,Worker visual annotation verified: 1 canonical box(es). Pending independent human sign-off.
FD0006,118,2.360,test,grp_session_20260223_actor_session2_studio,adl_no_fall,adl_action,adl_bending,COMPLETED,2,0,WORKER_VISUAL_QA_VERIFIED,Worker visual annotation verified: 2 canonical box(es). Pending independent human sign-off.
FD0006,126,2.520,test,grp_session_20260223_actor_session2_studio,adl_no_fall,adl_action,adl_bending,COMPLETED,2,0,WORKER_VISUAL_QA_VERIFIED,Worker visual annotation verified: 2 canonical box(es). Pending independent human sign-off.
FD0006,134,2.680,test,grp_session_20260223_actor_session2_studio,adl_no_fall,adl_action,adl_bending,COMPLETED,2,0,WORKER_VISUAL_QA_VERIFIED,Worker visual annotation verified: 2 canonical box(es). Pending independent human sign-off.
FD0006,142,2.840,test,grp_session_20260223_actor_session2_studio,adl_no_fall,adl_action,adl_bending,COMPLETED,1,0,WORKER_VISUAL_QA_VERIFIED,Worker visual annotation verified: 1 canonical box(es). Pending independent human sign-off.
FD0006,165,3.300,test,grp_session_20260223_actor_session2_studio,adl_no_fall,pre_fall_or_adl_steady,adl_sitting,COMPLETED,1,0,WORKER_VISUAL_QA_VERIFIED,Worker visual annotation verified: 1 canonical box(es). Pending independent human sign-off.
FD0006,180,3.600,test,grp_session_20260223_actor_session2_studio,adl_no_fall,pre_fall_or_adl_steady,adl_sitting,COMPLETED,1,0,WORKER_VISUAL_QA_VERIFIED,Worker visual annotation verified: 1 canonical box(es). Pending independent human sign-off.
FD0006,195,3.900,test,grp_session_20260223_actor_session2_studio,adl_no_fall,pre_fall_or_adl_steady,adl_sitting,COMPLETED,1,0,WORKER_VISUAL_QA_VERIFIED,Worker visual annotation verified: 1 canonical box(es). Pending independent human sign-off.
FD0006,210,4.200,test,grp_session_20260223_actor_session2_studio,adl_no_fall,pre_fall_or_adl_steady,adl_sitting,COMPLETED,1,0,WORKER_VISUAL_QA_VERIFIED,Worker visual annotation verified: 1 canonical box(es). Pending independent human sign-off.
FD0007,0,0.000,train,grp_session_20260216_actorB_green_polo,sitting_to_fall,pre_fall_or_adl_steady,pre_fall_sitting,COMPLETED,1,0,WORKER_VISUAL_QA_VERIFIED,Worker visual annotation verified: 1 canonical box(es). Pending independent human sign-off.
FD0007,20,0.336,train,grp_session_20260216_actorB_green_polo,sitting_to_fall,pre_fall_or_adl_steady,pre_fall_sitting,COMPLETED,1,0,WORKER_VISUAL_QA_VERIFIED,Worker visual annotation verified: 1 canonical box(es). Pending independent human sign-off.
FD0007,80,1.343,train,grp_session_20260216_actorB_green_polo,sitting_to_fall,pre_fall_or_adl_steady,pre_fall_sitting,COMPLETED,1,0,WORKER_VISUAL_QA_VERIFIED,Worker visual annotation verified: 1 canonical box(es). Pending independent human sign-off.
FD0007,100,1.679,train,grp_session_20260216_actorB_green_polo,sitting_to_fall,pre_fall_or_adl_steady,pre_fall_sitting,COMPLETED,1,0,WORKER_VISUAL_QA_VERIFIED,Worker visual annotation verified: 1 canonical box(es). Pending independent human sign-off.
FD0007,160,2.687,train,grp_session_20260216_actorB_green_polo,sitting_to_fall,pre_fall_or_adl_steady,pre_fall_sitting,COMPLETED,1,0,WORKER_VISUAL_QA_VERIFIED,Worker visual annotation verified: 1 canonical box(es). Pending independent human sign-off.
FD0007,200,3.358,train,grp_session_20260216_actorB_green_polo,sitting_to_fall,pre_fall_or_adl_steady,pre_fall_sitting,COMPLETED,1,0,WORKER_VISUAL_QA_VERIFIED,Worker visual annotation verified: 1 canonical box(es). Pending independent human sign-off.
FD0007,220,3.694,train,grp_session_20260216_actorB_green_polo,sitting_to_fall,pre_fall_or_adl_steady,pre_fall_sitting,COMPLETED,1,0,WORKER_VISUAL_QA_VERIFIED,Worker visual annotation verified: 1 canonical box(es). Pending independent human sign-off.
FD0007,240,4.030,train,grp_session_20260216_actorB_green_polo,sitting_to_fall,pre_fall_or_adl_steady,pre_fall_sitting,COMPLETED,1,0,WORKER_VISUAL_QA_VERIFIED,Worker visual annotation verified: 1 canonical box(es). Pending independent human sign-off.
FD0007,275,4.618,train,grp_session_20260216_actorB_green_polo,sitting_to_fall,fall_transition,fall_transition,COMPLETED,1,1,WORKER_VISUAL_QA_VERIFIED,Worker visual annotation verified: 2 canonical box(es). Pending independent human sign-off.
FD0007,279,4.685,train,grp_session_20260216_actorB_green_polo,sitting_to_fall,fall_transition,fall_transition,COMPLETED,1,1,WORKER_VISUAL_QA_VERIFIED,Worker visual annotation verified: 2 canonical box(es). Pending independent human sign-off.
FD0007,283,4.752,train,grp_session_20260216_actorB_green_polo,sitting_to_fall,fall_transition,fall_transition,COMPLETED,1,1,WORKER_VISUAL_QA_VERIFIED,Worker visual annotation verified: 2 canonical box(es). Pending independent human sign-off.
FD0007,287,4.819,train,grp_session_20260216_actorB_green_polo,sitting_to_fall,fall_transition,fall_transition,COMPLETED,1,1,WORKER_VISUAL_QA_VERIFIED,Worker visual annotation verified: 2 canonical box(es). Pending independent human sign-off.
FD0007,291,4.887,train,grp_session_20260216_actorB_green_polo,sitting_to_fall,fall_transition,fall_transition,COMPLETED,1,1,WORKER_VISUAL_QA_VERIFIED,Worker visual annotation verified: 2 canonical box(es). Pending independent human sign-off.
FD0007,295,4.954,train,grp_session_20260216_actorB_green_polo,sitting_to_fall,fall_transition,fall_transition,COMPLETED,1,1,WORKER_VISUAL_QA_VERIFIED,Worker visual annotation verified: 2 canonical box(es). Pending independent human sign-off.
FD0007,299,5.021,train,grp_session_20260216_actorB_green_polo,sitting_to_fall,fall_transition,fall_transition,COMPLETED,1,1,WORKER_VISUAL_QA_VERIFIED,Worker visual annotation verified: 2 canonical box(es). Pending independent human sign-off.
FD0007,303,5.088,train,grp_session_20260216_actorB_green_polo,sitting_to_fall,fall_transition,fall_transition,COMPLETED,1,1,WORKER_VISUAL_QA_VERIFIED,Worker visual annotation verified: 2 canonical box(es). Pending independent human sign-off.
FD0007,307,5.155,train,grp_session_20260216_actorB_green_polo,sitting_to_fall,fall_transition,fall_transition,COMPLETED,1,1,WORKER_VISUAL_QA_VERIFIED,Worker visual annotation verified: 2 canonical box(es). Pending independent human sign-off.
FD0007,311,5.222,train,grp_session_20260216_actorB_green_polo,sitting_to_fall,fall_transition,fall_transition,COMPLETED,1,1,WORKER_VISUAL_QA_VERIFIED,Worker visual annotation verified: 2 canonical box(es). Pending independent human sign-off.
FD0007,315,5.290,train,grp_session_20260216_actorB_green_polo,sitting_to_fall,fall_transition,fall_transition,COMPLETED,1,1,WORKER_VISUAL_QA_VERIFIED,Worker visual annotation verified: 2 canonical box(es). Pending independent human sign-off.
FD0007,319,5.357,train,grp_session_20260216_actorB_green_polo,sitting_to_fall,fall_transition,fall_transition,COMPLETED,1,1,WORKER_VISUAL_QA_VERIFIED,Worker visual annotation verified: 2 canonical box(es). Pending independent human sign-off.
FD0007,323,5.424,train,grp_session_20260216_actorB_green_polo,sitting_to_fall,fall_transition,fall_transition,COMPLETED,1,1,WORKER_VISUAL_QA_VERIFIED,Worker visual annotation verified: 2 canonical box(es). Pending independent human sign-off.
FD0007,325,5.457,train,grp_session_20260216_actorB_green_polo,sitting_to_fall,impact,fall_impact,COMPLETED,1,1,WORKER_VISUAL_QA_VERIFIED,Worker visual annotation verified: 2 canonical box(es). Pending independent human sign-off.
FD0007,330,5.541,train,grp_session_20260216_actorB_green_polo,sitting_to_fall,fallen_rest,fallen_on_floor,COMPLETED,1,1,WORKER_VISUAL_QA_VERIFIED,Worker visual annotation verified: 2 canonical box(es). Pending independent human sign-off.
FD0007,340,5.709,train,grp_session_20260216_actorB_green_polo,sitting_to_fall,fallen_rest,fallen_on_floor,COMPLETED,1,1,WORKER_VISUAL_QA_VERIFIED,Worker visual annotation verified: 2 canonical box(es). Pending independent human sign-off.
FD0007,350,5.877,train,grp_session_20260216_actorB_green_polo,sitting_to_fall,fallen_rest,fallen_on_floor,COMPLETED,1,1,WORKER_VISUAL_QA_VERIFIED,Worker visual annotation verified: 2 canonical box(es). Pending independent human sign-off.
FD0007,360,6.045,train,grp_session_20260216_actorB_green_polo,sitting_to_fall,fallen_rest,fallen_on_floor,COMPLETED,1,1,WORKER_VISUAL_QA_VERIFIED,Worker visual annotation verified: 2 canonical box(es). Pending independent human sign-off.
FD0007,370,6.213,train,grp_session_20260216_actorB_green_polo,sitting_to_fall,fallen_rest,fallen_on_floor,COMPLETED,1,1,WORKER_VISUAL_QA_VERIFIED,Worker visual annotation verified: 2 canonical box(es). Pending independent human sign-off.
FD0010,0,0.000,val,grp_session_20260216_actorC_male_glasses,sitting_to_fall,pre_fall_or_adl_steady,pre_fall_sitting,COMPLETED,1,0,WORKER_VISUAL_QA_VERIFIED,Worker visual annotation verified: 1 canonical box(es). Pending independent human sign-off.
FD0010,36,0.604,val,grp_session_20260216_actorC_male_glasses,sitting_to_fall,pre_fall_or_adl_steady,pre_fall_sitting,COMPLETED,1,0,WORKER_VISUAL_QA_VERIFIED,Worker visual annotation verified: 1 canonical box(es). Pending independent human sign-off.
FD0010,72,1.208,val,grp_session_20260216_actorC_male_glasses,sitting_to_fall,pre_fall_or_adl_steady,pre_fall_sitting,COMPLETED,1,0,WORKER_VISUAL_QA_VERIFIED,Worker visual annotation verified: 1 canonical box(es). Pending independent human sign-off.
FD0010,100,1.677,val,grp_session_20260216_actorC_male_glasses,sitting_to_fall,pre_fall_or_adl_steady,pre_fall_sitting,COMPLETED,1,0,WORKER_VISUAL_QA_VERIFIED,Worker visual annotation verified: 1 canonical box(es). Pending independent human sign-off.
FD0010,108,1.811,val,grp_session_20260216_actorC_male_glasses,sitting_to_fall,pre_fall_or_adl_steady,pre_fall_sitting,COMPLETED,1,0,WORKER_VISUAL_QA_VERIFIED,Worker visual annotation verified: 1 canonical box(es). Pending independent human sign-off.
FD0010,126,2.113,val,grp_session_20260216_actorC_male_glasses,sitting_to_fall,pre_fall_or_adl_steady,pre_fall_sitting,COMPLETED,1,0,WORKER_VISUAL_QA_VERIFIED,Worker visual annotation verified: 1 canonical box(es). Pending independent human sign-off.
FD0010,144,2.415,val,grp_session_20260216_actorC_male_glasses,sitting_to_fall,pre_fall_or_adl_steady,pre_fall_sitting,COMPLETED,1,0,WORKER_VISUAL_QA_VERIFIED,Worker visual annotation verified: 1 canonical box(es). Pending independent human sign-off.
FD0010,162,2.717,val,grp_session_20260216_actorC_male_glasses,sitting_to_fall,pre_fall_or_adl_steady,pre_fall_sitting,COMPLETED,1,0,WORKER_VISUAL_QA_VERIFIED,Worker visual annotation verified: 1 canonical box(es). Pending independent human sign-off.
FD0010,180,3.019,val,grp_session_20260216_actorC_male_glasses,sitting_to_fall,pre_fall_or_adl_steady,pre_fall_sitting,COMPLETED,1,0,WORKER_VISUAL_QA_VERIFIED,Worker visual annotation verified: 1 canonical box(es). Pending independent human sign-off.
FD0010,198,3.321,val,grp_session_20260216_actorC_male_glasses,sitting_to_fall,fall_transition,fall_transition,COMPLETED,1,1,WORKER_VISUAL_QA_VERIFIED,Worker visual annotation verified: 2 canonical box(es). Pending independent human sign-off.
FD0010,202,3.388,val,grp_session_20260216_actorC_male_glasses,sitting_to_fall,fall_transition,fall_transition,COMPLETED,1,1,WORKER_VISUAL_QA_VERIFIED,Worker visual annotation verified: 2 canonical box(es). Pending independent human sign-off.
FD0010,206,3.455,val,grp_session_20260216_actorC_male_glasses,sitting_to_fall,fall_transition,fall_transition,COMPLETED,1,1,WORKER_VISUAL_QA_VERIFIED,Worker visual annotation verified: 2 canonical box(es). Pending independent human sign-off.
FD0010,210,3.522,val,grp_session_20260216_actorC_male_glasses,sitting_to_fall,fall_transition,fall_transition,COMPLETED,1,1,WORKER_VISUAL_QA_VERIFIED,Worker visual annotation verified: 2 canonical box(es). Pending independent human sign-off.
FD0010,214,3.589,val,grp_session_20260216_actorC_male_glasses,sitting_to_fall,fall_transition,fall_transition,COMPLETED,1,1,WORKER_VISUAL_QA_VERIFIED,Worker visual annotation verified: 2 canonical box(es). Pending independent human sign-off.
FD0010,218,3.657,val,grp_session_20260216_actorC_male_glasses,sitting_to_fall,fall_transition,fall_transition,COMPLETED,1,1,WORKER_VISUAL_QA_VERIFIED,Worker visual annotation verified: 2 canonical box(es). Pending independent human sign-off.
FD0010,220,3.690,val,grp_session_20260216_actorC_male_glasses,sitting_to_fall,fall_transition,fall_transition,COMPLETED,1,1,WORKER_VISUAL_QA_VERIFIED,Worker visual annotation verified: 2 canonical box(es). Pending independent human sign-off.
FD0010,222,3.724,val,grp_session_20260216_actorC_male_glasses,sitting_to_fall,fall_transition,fall_transition,COMPLETED,1,1,WORKER_VISUAL_QA_VERIFIED,Worker visual annotation verified: 2 canonical box(es). Pending independent human sign-off.
FD0010,226,3.791,val,grp_session_20260216_actorC_male_glasses,sitting_to_fall,fall_transition,fall_transition,COMPLETED,1,1,WORKER_VISUAL_QA_VERIFIED,Worker visual annotation verified: 2 canonical box(es). Pending independent human sign-off.
FD0010,230,3.858,val,grp_session_20260216_actorC_male_glasses,sitting_to_fall,impact,fall_impact,COMPLETED,1,1,WORKER_VISUAL_QA_VERIFIED,Worker visual annotation verified: 2 canonical box(es). Pending independent human sign-off.
FD0010,235,3.942,val,grp_session_20260216_actorC_male_glasses,sitting_to_fall,fallen_rest,fallen_on_floor,COMPLETED,1,1,WORKER_VISUAL_QA_VERIFIED,Worker visual annotation verified: 2 canonical box(es). Pending independent human sign-off.
FD0010,245,4.109,val,grp_session_20260216_actorC_male_glasses,sitting_to_fall,fallen_rest,fallen_on_floor,COMPLETED,1,1,WORKER_VISUAL_QA_VERIFIED,Worker visual annotation verified: 2 canonical box(es). Pending independent human sign-off.
FD0010,255,4.277,val,grp_session_20260216_actorC_male_glasses,sitting_to_fall,fallen_rest,fallen_on_floor,COMPLETED,1,1,WORKER_VISUAL_QA_VERIFIED,Worker visual annotation verified: 2 canonical box(es). Pending independent human sign-off.
FD0010,260,4.361,val,grp_session_20260216_actorC_male_glasses,sitting_to_fall,fallen_rest,fallen_on_floor,COMPLETED,1,1,WORKER_VISUAL_QA_VERIFIED,Worker visual annotation verified: 2 canonical box(es). Pending independent human sign-off.
FD0010,265,4.445,val,grp_session_20260216_actorC_male_glasses,sitting_to_fall,fallen_rest,fallen_on_floor,COMPLETED,1,1,WORKER_VISUAL_QA_VERIFIED,Worker visual annotation verified: 2 canonical box(es). Pending independent human sign-off.
FD0010,275,4.613,val,grp_session_20260216_actorC_male_glasses,sitting_to_fall,fallen_rest,fallen_on_floor,COMPLETED,1,1,WORKER_VISUAL_QA_VERIFIED,Worker visual annotation verified: 2 canonical box(es). Pending independent human sign-off.
FD0010,285,4.780,val,grp_session_20260216_actorC_male_glasses,sitting_to_fall,fallen_rest,fallen_on_floor,COMPLETED,1,1,WORKER_VISUAL_QA_VERIFIED,Worker visual annotation verified: 2 canonical box(es). Pending independent human sign-off.
FD0014,0,0.000,test,grp_session_20260223_actor_session2_studio,sitting_to_fall,pre_fall_or_adl_steady,pre_fall_sitting,COMPLETED,1,0,WORKER_VISUAL_QA_VERIFIED,Worker visual annotation verified: 1 canonical box(es). Pending independent human sign-off.
FD0014,150,2.499,test,grp_session_20260223_actor_session2_studio,sitting_to_fall,pre_fall_or_adl_steady,pre_fall_sitting,COMPLETED,1,0,WORKER_VISUAL_QA_VERIFIED,Worker visual annotation verified: 1 canonical box(es). Pending independent human sign-off.
FD0014,198,3.299,test,grp_session_20260223_actor_session2_studio,sitting_to_fall,pre_fall_or_adl_steady,pre_fall_sitting,COMPLETED,1,0,WORKER_VISUAL_QA_VERIFIED,Worker visual annotation verified: 1 canonical box(es). Pending independent human sign-off.
FD0014,220,3.666,test,grp_session_20260223_actor_session2_studio,sitting_to_fall,pre_fall_or_adl_steady,pre_fall_sitting,COMPLETED,1,0,WORKER_VISUAL_QA_VERIFIED,Worker visual annotation verified: 1 canonical box(es). Pending independent human sign-off.
FD0014,242,4.032,test,grp_session_20260223_actor_session2_studio,sitting_to_fall,pre_fall_or_adl_steady,pre_fall_sitting,COMPLETED,1,0,WORKER_VISUAL_QA_VERIFIED,Worker visual annotation verified: 1 canonical box(es). Pending independent human sign-off.
FD0014,264,4.399,test,grp_session_20260223_actor_session2_studio,sitting_to_fall,pre_fall_or_adl_steady,pre_fall_sitting,COMPLETED,1,0,WORKER_VISUAL_QA_VERIFIED,Worker visual annotation verified: 1 canonical box(es). Pending independent human sign-off.
FD0014,298,4.965,test,grp_session_20260223_actor_session2_studio,sitting_to_fall,fall_transition,fall_transition,COMPLETED,1,1,WORKER_VISUAL_QA_VERIFIED,Worker visual annotation verified: 2 canonical box(es). Pending independent human sign-off.
FD0014,302,5.032,test,grp_session_20260223_actor_session2_studio,sitting_to_fall,fall_transition,fall_transition,COMPLETED,1,1,WORKER_VISUAL_QA_VERIFIED,Worker visual annotation verified: 2 canonical box(es). Pending independent human sign-off.
FD0014,306,5.099,test,grp_session_20260223_actor_session2_studio,sitting_to_fall,fall_transition,fall_transition,COMPLETED,1,1,WORKER_VISUAL_QA_VERIFIED,Worker visual annotation verified: 2 canonical box(es). Pending independent human sign-off.
FD0014,310,5.165,test,grp_session_20260223_actor_session2_studio,sitting_to_fall,fall_transition,fall_transition,COMPLETED,1,1,WORKER_VISUAL_QA_VERIFIED,Worker visual annotation verified: 2 canonical box(es). Pending independent human sign-off.
FD0014,314,5.232,test,grp_session_20260223_actor_session2_studio,sitting_to_fall,fall_transition,fall_transition,COMPLETED,1,1,WORKER_VISUAL_QA_VERIFIED,Worker visual annotation verified: 2 canonical box(es). Pending independent human sign-off.
FD0014,318,5.299,test,grp_session_20260223_actor_session2_studio,sitting_to_fall,fall_transition,fall_transition,COMPLETED,1,1,WORKER_VISUAL_QA_VERIFIED,Worker visual annotation verified: 2 canonical box(es). Pending independent human sign-off.
FD0014,322,5.365,test,grp_session_20260223_actor_session2_studio,sitting_to_fall,fall_transition,fall_transition,COMPLETED,1,1,WORKER_VISUAL_QA_VERIFIED,Worker visual annotation verified: 2 canonical box(es). Pending independent human sign-off.
FD0014,325,5.415,test,grp_session_20260223_actor_session2_studio,sitting_to_fall,impact,fall_impact,COMPLETED,1,1,WORKER_VISUAL_QA_VERIFIED,Worker visual annotation verified: 2 canonical box(es). Pending independent human sign-off.
FD0014,330,5.498,test,grp_session_20260223_actor_session2_studio,sitting_to_fall,fallen_rest,fallen_on_floor,COMPLETED,1,1,WORKER_VISUAL_QA_VERIFIED,Worker visual annotation verified: 2 canonical box(es). Pending independent human sign-off.
FD0014,338,5.632,test,grp_session_20260223_actor_session2_studio,sitting_to_fall,fallen_rest,fallen_on_floor,COMPLETED,1,1,WORKER_VISUAL_QA_VERIFIED,Worker visual annotation verified: 2 canonical box(es). Pending independent human sign-off.
FD0014,345,5.748,test,grp_session_20260223_actor_session2_studio,sitting_to_fall,fallen_rest,fallen_on_floor,COMPLETED,1,1,WORKER_VISUAL_QA_VERIFIED,Worker visual annotation verified: 2 canonical box(es). Pending independent human sign-off.
FD0014,354,5.898,test,grp_session_20260223_actor_session2_studio,sitting_to_fall,fallen_rest,fallen_on_floor,COMPLETED,1,1,WORKER_VISUAL_QA_VERIFIED,Worker visual annotation verified: 2 canonical box(es). Pending independent human sign-off.
FD0020,0,0.000,val,grp_session_20260223_actorE_black_graphic_top,sitting_to_fall,pre_fall_or_adl_steady,pre_fall_sitting,COMPLETED,1,0,WORKER_VISUAL_QA_VERIFIED,Worker visual annotation verified: 1 canonical box(es). Pending independent human sign-off.
FD0020,22,0.367,val,grp_session_20260223_actorE_black_graphic_top,sitting_to_fall,pre_fall_or_adl_steady,pre_fall_sitting,COMPLETED,1,0,WORKER_VISUAL_QA_VERIFIED,Worker visual annotation verified: 1 canonical box(es). Pending independent human sign-off.
FD0020,44,0.733,val,grp_session_20260223_actorE_black_graphic_top,sitting_to_fall,pre_fall_or_adl_steady,pre_fall_sitting,COMPLETED,1,0,WORKER_VISUAL_QA_VERIFIED,Worker visual annotation verified: 1 canonical box(es). Pending independent human sign-off.
FD0020,66,1.100,val,grp_session_20260223_actorE_black_graphic_top,sitting_to_fall,pre_fall_or_adl_steady,pre_fall_sitting,COMPLETED,1,0,WORKER_VISUAL_QA_VERIFIED,Worker visual annotation verified: 1 canonical box(es). Pending independent human sign-off.
FD0020,88,1.466,val,grp_session_20260223_actorE_black_graphic_top,sitting_to_fall,pre_fall_or_adl_steady,pre_fall_sitting,COMPLETED,1,0,WORKER_VISUAL_QA_VERIFIED,Worker visual annotation verified: 1 canonical box(es). Pending independent human sign-off.
FD0020,110,1.833,val,grp_session_20260223_actorE_black_graphic_top,sitting_to_fall,pre_fall_or_adl_steady,pre_fall_sitting,COMPLETED,1,0,WORKER_VISUAL_QA_VERIFIED,Worker visual annotation verified: 1 canonical box(es). Pending independent human sign-off.
FD0020,132,2.199,val,grp_session_20260223_actorE_black_graphic_top,sitting_to_fall,pre_fall_or_adl_steady,pre_fall_sitting,COMPLETED,1,0,WORKER_VISUAL_QA_VERIFIED,Worker visual annotation verified: 1 canonical box(es). Pending independent human sign-off.
FD0020,150,2.499,val,grp_session_20260223_actorE_black_graphic_top,sitting_to_fall,pre_fall_or_adl_steady,pre_fall_sitting,COMPLETED,1,0,WORKER_VISUAL_QA_VERIFIED,Worker visual annotation verified: 1 canonical box(es). Pending independent human sign-off.
FD0020,176,2.933,val,grp_session_20260223_actorE_black_graphic_top,sitting_to_fall,pre_fall_or_adl_steady,pre_fall_sitting,COMPLETED,1,0,WORKER_VISUAL_QA_VERIFIED,Worker visual annotation verified: 1 canonical box(es). Pending independent human sign-off.
FD0020,198,3.299,val,grp_session_20260223_actorE_black_graphic_top,sitting_to_fall,pre_fall_or_adl_steady,pre_fall_sitting,COMPLETED,1,0,WORKER_VISUAL_QA_VERIFIED,Worker visual annotation verified: 1 canonical box(es). Pending independent human sign-off.
FD0020,220,3.666,val,grp_session_20260223_actorE_black_graphic_top,sitting_to_fall,pre_fall_or_adl_steady,pre_fall_sitting,COMPLETED,1,0,WORKER_VISUAL_QA_VERIFIED,Worker visual annotation verified: 1 canonical box(es). Pending independent human sign-off.
FD0020,242,4.032,val,grp_session_20260223_actorE_black_graphic_top,sitting_to_fall,pre_fall_or_adl_steady,pre_fall_sitting,COMPLETED,1,0,WORKER_VISUAL_QA_VERIFIED,Worker visual annotation verified: 1 canonical box(es). Pending independent human sign-off.
FD0020,264,4.399,val,grp_session_20260223_actorE_black_graphic_top,sitting_to_fall,pre_fall_or_adl_steady,pre_fall_sitting,COMPLETED,1,0,WORKER_VISUAL_QA_VERIFIED,Worker visual annotation verified: 1 canonical box(es). Pending independent human sign-off.
FD0020,280,4.665,val,grp_session_20260223_actorE_black_graphic_top,sitting_to_fall,fall_transition,fall_transition,COMPLETED,1,1,WORKER_VISUAL_QA_VERIFIED,Worker visual annotation verified: 2 canonical box(es). Pending independent human sign-off.
FD0020,283,4.715,val,grp_session_20260223_actorE_black_graphic_top,sitting_to_fall,fall_transition,fall_transition,COMPLETED,1,1,WORKER_VISUAL_QA_VERIFIED,Worker visual annotation verified: 2 canonical box(es). Pending independent human sign-off.
FD0020,286,4.765,val,grp_session_20260223_actorE_black_graphic_top,sitting_to_fall,fall_transition,fall_transition,COMPLETED,1,1,WORKER_VISUAL_QA_VERIFIED,Worker visual annotation verified: 2 canonical box(es). Pending independent human sign-off.
FD0020,289,4.815,val,grp_session_20260223_actorE_black_graphic_top,sitting_to_fall,fall_transition,fall_transition,COMPLETED,1,1,WORKER_VISUAL_QA_VERIFIED,Worker visual annotation verified: 2 canonical box(es). Pending independent human sign-off.
FD0020,292,4.865,val,grp_session_20260223_actorE_black_graphic_top,sitting_to_fall,fall_transition,fall_transition,COMPLETED,1,1,WORKER_VISUAL_QA_VERIFIED,Worker visual annotation verified: 2 canonical box(es). Pending independent human sign-off.
FD0020,295,4.915,val,grp_session_20260223_actorE_black_graphic_top,sitting_to_fall,fall_transition,fall_transition,COMPLETED,1,1,WORKER_VISUAL_QA_VERIFIED,Worker visual annotation verified: 2 canonical box(es). Pending independent human sign-off.
FD0020,297,4.949,val,grp_session_20260223_actorE_black_graphic_top,sitting_to_fall,impact,fall_impact,COMPLETED,1,1,WORKER_VISUAL_QA_VERIFIED,Worker visual annotation verified: 2 canonical box(es). Pending independent human sign-off.
FD0020,300,4.999,val,grp_session_20260223_actorE_black_graphic_top,sitting_to_fall,fallen_rest,fallen_on_floor,COMPLETED,1,1,WORKER_VISUAL_QA_VERIFIED,Worker visual annotation verified: 2 canonical box(es). Pending independent human sign-off.
FD0020,315,5.249,val,grp_session_20260223_actorE_black_graphic_top,sitting_to_fall,fallen_rest,fallen_on_floor,COMPLETED,1,1,WORKER_VISUAL_QA_VERIFIED,Worker visual annotation verified: 2 canonical box(es). Pending independent human sign-off.
FD0020,330,5.498,val,grp_session_20260223_actorE_black_graphic_top,sitting_to_fall,fallen_rest,fallen_on_floor,COMPLETED,1,1,WORKER_VISUAL_QA_VERIFIED,Worker visual annotation verified: 2 canonical box(es). Pending independent human sign-off.
FD0020,360,5.998,val,grp_session_20260223_actorE_black_graphic_top,sitting_to_fall,fallen_rest,fallen_on_floor,COMPLETED,1,1,WORKER_VISUAL_QA_VERIFIED,Worker visual annotation verified: 2 canonical box(es). Pending independent human sign-off.
FD0020,390,6.498,val,grp_session_20260223_actorE_black_graphic_top,sitting_to_fall,fallen_rest,fallen_on_floor,COMPLETED,1,1,WORKER_VISUAL_QA_VERIFIED,Worker visual annotation verified: 2 canonical box(es). Pending independent human sign-off.
