clip_id,relative_path,class_label,source_state,total_frames,fps,duration_sec,width,height,size_bytes,sha256,session_id,actor_group,annotation_status,annotation_file,mapping_status,is_sampled_for_audit
FD0001,data/adl_no_fall/video_20260216_151903.mp4,adl_no_fall,adl,326,60.017,5.432,1920,1080,12172376,737ce8f78042fe166fff8d64de7372fb2d8c44ef19945f27f40046e499746000,session_20260216,grp_session_20260216_actorA_dark_top,not_provided,,none,True
FD0002,data/adl_no_fall/video_20260216_152523.mp4,adl_no_fall,adl,101,58.851,1.716,1920,1080,4130035,028a9e5c33939b2d13daafee1e26f763682edbf9fd33e2cff57e6ff1a3e8bbd1,session_20260216,grp_session_20260216_actorA_dark_top,not_provided,,none,False
FD0003,data/adl_no_fall/video_20260216_152939.mp4,adl_no_fall,adl,93,50.003,1.86,1080,1920,4448588,16bba229904cd3bb423199520ba46494106e088ea1b465350a20116fb8445edc,session_20260216,grp_session_20260216_actorA_dark_top,not_provided,,none,False
FD0004,data/adl_no_fall/video_20260216_154339.mp4,adl_no_fall,adl,166,60.016,2.766,1920,1080,6181032,1e039d51dcd1552899ead38392135146f9861802db61212675abb76e8adf5ca0,session_20260216,grp_session_20260216_actorA_dark_top,not_provided,,none,False
FD0005,data/adl_no_fall/video_20260223_151242.mp4,adl_no_fall,adl,448,59.882,7.481,1920,1080,16832519,eaacb0bc568de95547d302b711ad7f4d69115b7beb11084d5c1748d8221174a8,session_20260223,grp_session_20260223_actor_session2_studio,not_provided,,none,False
FD0006,data/adl_no_fall/video_20260223_151533.mp4,adl_no_fall,adl,223,50.004,4.46,1920,1080,9960480,1efcd5827d94805ff9d35d711c76017f37a6ff959f5eb5a21e6d5be5fc450664,session_20260223,grp_session_20260223_actor_session2_studio,not_provided,,none,False
FD0007,data/sitting_to_fall/video_20260216_151241.mp4,sitting_to_fall,sitting,384,59.551,6.448,1920,1080,14635971,28c5e4e4a0f68efec97e02fcbf4bced7e4dc9ee364a4b8c2df50d6c70d254c2e,session_20260216,grp_session_20260216_actorB_green_polo,not_provided,,none,True
FD0008,data/sitting_to_fall/video_20260216_151407.mp4,sitting_to_fall,sitting,316,60.015,5.265,1920,1080,11769564,d7e285ab93d239a8bac68f4bd96b73590e19b45f4b8f4dd24ccfbbf7f8202d22,session_20260216,grp_session_20260216_actorB_green_polo,not_provided,,none,False
FD0009,data/sitting_to_fall/video_20260216_151454.mp4,sitting_to_fall,sitting,385,60.015,6.415,1920,1080,14465594,f5b55fe7ffbfbfdd1e71aacf3798d6ed31f4638d5ab7961ad66258c92c5e299c,session_20260216,grp_session_20260216_actorB_green_polo,not_provided,,none,False
FD0010,data/sitting_to_fall/video_20260216_151650.mp4,sitting_to_fall,sitting,301,59.619,5.049,1920,1080,11252278,27d80e7658bb8f35cb4e813cd168413d73cff542cd6acd87fb10e598d78fe2e8,session_20260216,grp_session_20260216_actor_session1_classroom,not_provided,,none,False
FD0011,data/sitting_to_fall/video_20260216_151931.mp4,sitting_to_fall,sitting,216,60.018,3.599,1920,1080,8462495,58324d0e01b0a705733744cbff055220723baafde2986f1ef874c1e8bbb787af,session_20260216,grp_session_20260216_actor_session1_classroom,not_provided,,none,False
FD0012,data/sitting_to_fall/video_20260216_152158.mp4,sitting_to_fall,sitting,147,60.015,2.449,1920,1080,5556922,fb644d44867a59abc05204867e1abb0df73394d6944092aa4610ec0919383421,session_20260216,grp_session_20260216_actor_session1_classroom,not_provided,,none,False
FD0013,data/sitting_to_fall/video_20260216_154403.mp4,sitting_to_fall,sitting,244,60.016,4.066,1920,1080,9132203,31d4fec9426a76efb7cf7602bae2b3143d705e8697343cece7a56464c7fb9404,session_20260216,grp_session_20260216_actor_session1_classroom,not_provided,,none,False
FD0014,data/sitting_to_fall/video_20260223_151341.mp4,sitting_to_fall,sitting,362,60.017,6.032,1920,1080,13546933,939f5ad710d7ab7f7872250b02b6b30d611c48a821a0c0ba0a3abfb95c92f691,session_20260223,grp_session_20260223_actor_session2_studio,not_provided,,none,False
FD0015,data/sitting_to_fall/video_20260223_151402.mp4,sitting_to_fall,sitting,233,50.004,4.66,1920,1080,10420927,c023410b6e1e45e0e19721fb63a7c002c6443b1e980ac484672678c86f36eac4,session_20260223,grp_session_20260223_actor_session2_studio,not_provided,,none,False
FD0016,data/sitting_to_fall/video_20260223_151433.mp4,sitting_to_fall,sitting,340,50.004,6.799,1920,1080,15179500,255cc4b0e00e2c4cbf90b1286db2cf5b80519f691f6c7585c424c2b50b33db5d,session_20260223,grp_session_20260223_actor_session2_studio,not_provided,,none,False
FD0017,data/sitting_to_fall/video_20260223_151550.mp4,sitting_to_fall,sitting,289,50.004,5.78,1920,1080,12890406,91a8de1ca335337dd8ece6a8df35466bdc31215697295ffcb5b7a5ba24da342d,session_20260223,grp_session_20260223_actor_session2_studio,not_provided,,none,False
FD0018,data/sitting_to_fall/video_20260223_151902.mp4,sitting_to_fall,sitting,402,60.015,6.698,1920,1080,14881698,33f5f434a129c423495b5b191f783b5801c6f63580f40a70526110050dd47765,session_20260223,grp_session_20260223_actor_session2_studio,not_provided,,none,False
FD0019,data/sitting_to_fall/video_20260223_151930.mp4,sitting_to_fall,sitting,381,50.005,7.619,1920,1080,16943367,ee673ce754d55dea8e45dae47ed411233d74cdc4097552667439a63e7cccd4e9,session_20260223,grp_session_20260223_actor_session2_studio,not_provided,,none,False
FD0020,data/sitting_to_fall/video_20260223_153406.mp4,sitting_to_fall,sitting,425,60.017,7.081,1080,1920,15880268,7e6cbc373f28ab16ff85c38a1444678ca99b0c4c4b324c8894079a764db00f8b,session_20260223,grp_session_20260223_actor_session2_studio,not_provided,,none,False
FD0021,data/sitting_to_fall/video_20260223_153438.mp4,sitting_to_fall,sitting,396,60.015,6.598,1080,1920,14379755,a2c1e553fece397dd613b11d8b5ad1c01424e6570c6e0c25f26f6012106d98cd,session_20260223,grp_session_20260223_actor_session2_studio,not_provided,,none,False
FD0022,data/sitting_to_fall/video_20260223_153506.mp4,sitting_to_fall,sitting,442,59.799,7.391,1080,1920,16493666,3fe1a6fb303e4392402f259e8ea70356088d22e412d8a576cf36c94a62682099,session_20260223,grp_session_20260223_actor_session2_studio,not_provided,,none,False
FD0023,data/sleeping_to_fall/video_20260223_150610.mp4,sleeping_to_fall,sleeping,598,60.016,9.964,1920,1080,21913893,c2a6a1d1074e5a8e5a1a2518c015d6777660d9c4f3ca0a3e15a6c1643fc68f42,session_20260223,grp_session_20260223_actor_session2_studio,not_provided,,none,False
FD0024,data/sleeping_to_fall/video_20260223_150715.mp4,sleeping_to_fall,sleeping,346,60.015,5.765,1920,1080,12742080,6af452b9809489ca2d45f925577c4ec4e4e6ee3d3fb92cc9efafa28762a65a02,session_20260223,grp_session_20260223_actorD_pink_shirt,cvat_xml_available,video_20260223_150715.xml,mapped_auto_exact_frame_count,True
FD0025,data/sleeping_to_fall/video_20260223_150814.mp4,sleeping_to_fall,sleeping,340,55.449,6.132,1920,1080,13341996,934d3e10778ca7c515b944fbd6f72770deb9328c10cbf366973adabd1377819a,session_20260223,grp_session_20260223_actor_session2_studio,not_provided,,none,False
FD0026,data/sleeping_to_fall/video_20260223_150849.mp4,sleeping_to_fall,sleeping,664,60.016,11.064,1920,1080,24469352,e3a16239285582e33b785e8a09b019c98ae0900964fb6ed1292da6947788372e,session_20260223,grp_session_20260223_actor_session2_studio,not_provided,,none,False
FD0027,data/sleeping_to_fall/video_20260223_150939.mp4,sleeping_to_fall,sleeping,437,60.016,7.281,1920,1080,16338809,03a7e9265318930d31042152696cf51a85332b58efc741c48577f96b77a16d32,session_20260223,grp_session_20260223_actorE_black_graphic_top,cvat_xml_available,video_20260223_150939.xml,mapped_auto_exact_frame_count,True
FD0028,data/sleeping_to_fall/video_20260223_151151.mp4,sleeping_to_fall,sleeping,363,60.017,6.048,1920,1080,13501063,bbdcdd579c9c8a38f2b8addff1e003d91bdd3357585c66856a1541f29caf3e16,session_20260223,grp_session_20260223_actor_session2_studio,not_provided,,none,False
FD0029,data/sleeping_to_fall/video_20260223_151256.mp4,sleeping_to_fall,sleeping,476,60.017,7.931,1920,1080,17764167,d7f16cbd4a1922aff5eaa5212deeba2ac49114b06a88cbc957366695a6ad915e,session_20260223,grp_session_20260223_actor_session2_studio,not_provided,,none,False
FD0030,data/sleeping_to_fall/video_20260223_151648.mp4,sleeping_to_fall,sleeping,366,50.005,7.319,1920,1080,16367554,339d72c1ace05bdc8d9e38aeccc1d62755b81963ce01aa2b7137aed0e6133257,session_20260223,grp_session_20260223_actor_session2_studio,not_provided,,none,False
FD0031,data/sleeping_to_fall/video_20260223_151755.mp4,sleeping_to_fall,sleeping,474,60.017,7.898,1920,1080,17689701,12630ff85492b0523005957d29e17a89a3ac894966e13a633673e57cfb7b2971,session_20260223,grp_session_20260223_actor_session2_studio,not_provided,,none,False
FD0032,data/sleeping_to_fall/video_20260223_152328.mp4,sleeping_to_fall,sleeping,231,50.004,4.62,1920,1080,10369106,9cf4570ecb13c7e6fdab781a3403e1911a4c69fb03f46fa63eb47c1c50fe87db,session_20260223,grp_session_20260223_actor_session2_studio,not_provided,,none,False
FD0033,data/standing_to_fall/video_20260216_152051.mp4,standing_to_fall,standing,95,59.386,1.6,1920,1080,3565031,4a1f32db7c7133b7ed7248f31bd0429a399ceb1f6cd9e65fcb4ccc6779ab1353,session_20260216,grp_session_20260216_actorA_dark_top,not_provided,,none,False
FD0034,data/standing_to_fall/video_20260216_152309.mp4,standing_to_fall,standing,133,58.691,2.266,1920,1080,4882604,9dcaad933728016af70deb9d6673fdd347e1c78ec6710cf1871051b71ac7a295,session_20260216,grp_session_20260216_actor_session1_classroom,not_provided,,none,False
FD0035,data/standing_to_fall/video_20260216_152357.mp4,standing_to_fall,standing,579,60.016,9.647,1920,1080,21091730,2eba79be0011035ff2c77cb926cd2c66edd8c8e13f6178ec550243ab25c2f0f8,session_20260216,grp_session_20260216_actorA_dark_top,cvat_xml_available,video_20260216_152357.xml,mapped_auto_exact_frame_count,True
FD0036,data/standing_to_fall/video_20260216_152530.mp4,standing_to_fall,standing,256,60.016,4.266,1920,1080,9647584,946d3c254dfc8f6215e8578e18acdb99171cf9a9ad86284d72d16b27289d7ecf,session_20260216,grp_session_20260216_actor_session1_classroom,not_provided,,none,False
FD0037,data/standing_to_fall/video_20260216_152555.mp4,standing_to_fall,standing,393,59.864,6.565,1920,1080,14500779,09439302bfcbce0862098db8881f6711721dac1d7e1b314fac192c8757f8665f,session_20260216,grp_session_20260216_actor_session1_classroom,not_provided,,none,False
FD0038,data/standing_to_fall/video_20260216_152627.mp4,standing_to_fall,standing,274,50.005,5.479,1920,1080,12364467,ffd4746ffc216d7f1a1892f897841ee421eac8ff1d75eedbf6b4cbba92c308c9,session_20260216,grp_session_20260216_actor_session1_classroom,not_provided,,none,False
FD0039,data/standing_to_fall/video_20260216_152643.mp4,standing_to_fall,standing,281,50.004,5.62,1920,1080,12201975,e3e1de4e1164b224fd1efe8caf75a338742e64903207ccdfc91daf8565d45b70,session_20260216,grp_session_20260216_actor_session1_classroom,not_provided,,none,False
FD0040,data/standing_to_fall/video_20260216_152909.mp4,standing_to_fall,standing,187,50.004,3.74,1920,1080,8332334,1babba5ea4f9b65727473d2765054324d39aa26edf233ba87fade1849aad1bc5,session_20260216,grp_session_20260216_actor_session1_classroom,not_provided,,none,False
FD0041,data/standing_to_fall/video_20260216_152945.mp4,standing_to_fall,standing,172,50.004,3.44,1080,1920,7305349,be98643b1419e6d7cee9e7a65df7033839c1ed9b558f08c62d501a8ea5d8e90f,session_20260216,grp_session_20260216_actor_session1_classroom,not_provided,,none,False
FD0042,data/standing_to_fall/video_20260216_153804.mp4,standing_to_fall,standing,246,50.004,4.92,1920,1080,11069733,a5c9274201509cbb120e70062a0389951a8781c13c41075503adcc8ea6d26b05,session_20260216,grp_session_20260216_actor_session1_classroom,not_provided,,none,False
FD0043,data/standing_to_fall/video_20260216_153842.mp4,standing_to_fall,standing,201,45.48,4.419,1920,1080,9975098,192b9bdcecb6b9dd992d76e3885c502c7fb0043f99a316103a38a80fe9d71151,session_20260216,grp_session_20260216_actor_session1_classroom,not_provided,,none,False
FD0044,data/standing_to_fall/video_20260216_154044.mp4,standing_to_fall,standing,474,59.889,7.915,1920,1080,17602064,6d7fa5a45a525e56afd2756d88657fe55f39e4e9fc901fe2c314d31b5bf580f9,session_20260216,grp_session_20260216_actorB_green_polo,cvat_xml_available,video_20260216_154044.xml,mapped_auto_exact_frame_count,True
FD0045,data/standing_to_fall/video_20260216_154134.mp4,standing_to_fall,standing,342,60.017,5.698,1920,1080,12321676,96f6d9382481d7aea9bead21a91a48a41cd0180ac13a3408e5d30a4f46385b07,session_20260216,grp_session_20260216_actor_session1_classroom,not_provided,,none,False
FD0046,data/standing_to_fall/video_20260216_154655.mp4,standing_to_fall,standing,166,60.015,2.766,1920,1080,6091670,3c573bc833e2ed27488b0541be49fa9c1b9533339bfb9ff76edccc53b4a781aa,session_20260216,grp_session_20260216_actor_session1_classroom,not_provided,,none,False
FD0047,data/standing_to_fall/video_20260216_154746.mp4,standing_to_fall,standing,192,50.004,3.84,1920,1080,8897147,5bef6d3eca81a2ba599749e8624be792ee2ad123ca3241a20d4bf8395e4de411,session_20260216,grp_session_20260216_actor_session1_classroom,not_provided,,none,False
FD0048,data/standing_to_fall/video_20260216_154857.mp4,standing_to_fall,standing,145,50.003,2.9,1920,1080,6447426,ec20c9c5cad665c6d4c9b26eeaa11a8e36de2edc7d8ea294287c703d3104e9d2,session_20260216,grp_session_20260216_actorC_male_glasses,not_provided,,none,False
FD0049,data/standing_to_fall/video_20260216_155034.mp4,standing_to_fall,standing,197,50.004,3.94,1920,1080,9065151,4cfe103f1fc58be4fcb5a6ef543e6f6037afce00ee24c0a242c2ac977c2ce0a1,session_20260216,grp_session_20260216_actorC_male_glasses,cvat_xml_available,video_20260216_155034.xml,mapped_auto_exact_frame_count,True
FD0050,data/standing_to_fall/video_20260216_155114.mp4,standing_to_fall,standing,312,50.005,6.239,1920,1080,13779582,6571a5adce3a271fc05fd60bad2f5148d603ee0161fabe2b8e42a12ac504dbcb,session_20260216,grp_session_20260216_actor_session1_classroom,not_provided,,none,False
FD0051,data/standing_to_fall/video_20260223_152105.mp4,standing_to_fall,standing,177,50.004,3.54,1920,1080,7897747,3644c3b81348a40279911105ef8b573b743b4fba61cf0382e182abd7c54b2bd1,session_20260223,grp_session_20260223_actorF_green_polo,cvat_xml_available,video_20260223_152105.xml,mapped_auto_exact_frame_count,True
FD0052,data/standing_to_fall/video_20260223_152210.mp4,standing_to_fall,standing,208,60.014,3.466,1920,1080,7877127,fda351a27b7d832e9ae708810b47257a3d2635c353a1251bc45195ab23de9d65,session_20260223,grp_session_20260223_actorD_pink_shirt,cvat_xml_available,video_20260223_152210.xml,mapped_auto_exact_frame_count,True
FD0053,data/standing_to_fall/video_20260223_152238.mp4,standing_to_fall,standing,242,50.004,4.84,1920,1080,11043638,591912e23dd9430d76ee7e2b230ccaa424ad9030cadf30779b8dfda76dd0bfd7,session_20260223,grp_session_20260223_actor_session2_studio,not_provided,,none,False
FD0054,data/standing_to_fall/video_20260223_152521.mp4,standing_to_fall,standing,353,50.004,7.059,1920,1080,15674640,0c56e6b35d4285191ccddf3cf3450faa07ebef082014e80b3c282a20317afc78,session_20260223,grp_session_20260223_actorG_pattern_blouse,cvat_xml_available,video_20260223_152521.xml,mapped_auto_exact_frame_count,True
