clip_id,frame_1,frame_2,hamming_distance,is_near_duplicate,interpretation
FD0035,0,10,27,False,active motion
FD0035,10,20,12,False,active motion
FD0035,20,30,6,False,active motion
FD0035,30,40,6,False,active motion
FD0035,40,50,15,False,active motion
FD0035,50,60,9,False,active motion
FD0035,60,70,10,False,active motion
FD0035,70,80,3,True,stationary / low motion
FD0035,80,90,9,False,active motion
FD0035,90,100,4,False,active motion
FD0035,100,110,2,True,stationary / low motion
FD0035,110,115,0,True,stationary / low motion
FD0035,115,120,4,False,active motion
FD0035,120,130,5,False,active motion
FD0035,130,140,8,False,active motion
FD0035,140,150,5,False,active motion
FD0035,150,160,5,False,active motion
FD0035,160,170,5,False,active motion
FD0035,170,180,7,False,active motion
FD0035,180,190,6,False,active motion
FD0035,190,200,5,False,active motion
FD0035,200,210,6,False,active motion
FD0035,210,220,10,False,active motion
FD0035,220,230,13,False,active motion
FD0035,230,231,0,True,stationary / low motion
FD0035,231,240,5,False,active motion
FD0035,240,250,7,False,active motion
FD0035,250,260,7,False,active motion
FD0035,260,270,3,True,stationary / low motion
FD0035,270,280,1,True,stationary / low motion
FD0035,280,290,1,True,stationary / low motion
FD0035,290,300,4,False,active motion
FD0035,300,310,6,False,active motion
FD0035,310,320,2,True,stationary / low motion
FD0035,320,330,2,True,stationary / low motion
FD0035,330,340,6,False,active motion
FD0035,340,347,2,True,stationary / low motion
FD0035,347,350,1,True,stationary / low motion
FD0035,350,360,3,True,stationary / low motion
FD0035,360,370,2,True,stationary / low motion
FD0035,370,380,3,True,stationary / low motion
FD0035,380,390,2,True,stationary / low motion
FD0035,390,400,2,True,stationary / low motion
FD0035,400,410,1,True,stationary / low motion
FD0035,410,420,2,True,stationary / low motion
FD0035,420,430,0,True,stationary / low motion
FD0035,430,440,1,True,stationary / low motion
FD0035,440,450,5,False,active motion
FD0035,450,460,10,False,active motion
FD0035,460,463,4,False,active motion
FD0035,463,464,1,True,stationary / low motion
FD0035,464,465,2,True,stationary / low motion
FD0035,465,470,5,False,active motion
FD0035,470,477,8,False,active motion
FD0035,477,480,7,False,active motion
FD0035,480,489,6,False,active motion
FD0035,489,490,5,False,active motion
FD0035,490,500,9,False,active motion
FD0035,500,501,4,False,active motion
FD0035,501,510,16,False,active motion
FD0035,510,513,4,False,active motion
FD0035,513,514,1,True,stationary / low motion
FD0035,514,515,1,True,stationary / low motion
FD0035,515,520,4,False,active motion
FD0035,520,523,1,True,stationary / low motion
FD0035,523,530,2,True,stationary / low motion
FD0035,530,531,0,True,stationary / low motion
FD0035,531,539,1,True,stationary / low motion
FD0035,539,540,0,True,stationary / low motion
FD0035,540,548,1,True,stationary / low motion
FD0035,548,549,1,True,stationary / low motion
FD0035,549,550,1,True,stationary / low motion
FD0035,550,560,0,True,stationary / low motion
FD0035,560,563,0,True,stationary / low motion
FD0035,563,570,1,True,stationary / low motion
FD0035,570,578,2,True,stationary / low motion
FD0044,0,10,2,True,stationary / low motion
FD0044,10,20,6,False,active motion
FD0044,20,30,7,False,active motion
FD0044,30,40,7,False,active motion
FD0044,40,50,5,False,active motion
FD0044,50,54,2,True,stationary / low motion
FD0044,54,60,2,True,stationary / low motion
FD0044,60,70,6,False,active motion
FD0044,70,80,12,False,active motion
FD0044,80,90,7,False,active motion
FD0044,90,100,8,False,active motion
FD0044,100,108,3,True,stationary / low motion
FD0044,108,110,2,True,stationary / low motion
FD0044,110,120,1,True,stationary / low motion
FD0044,120,130,3,True,stationary / low motion
FD0044,130,140,2,True,stationary / low motion
FD0044,140,150,4,False,active motion
FD0044,150,160,4,False,active motion
FD0044,160,162,3,True,stationary / low motion
FD0044,162,170,1,True,stationary / low motion
FD0044,170,180,6,False,active motion
FD0044,180,190,11,False,active motion
FD0044,190,200,11,False,active motion
FD0044,200,210,9,False,active motion
FD0044,210,217,4,False,active motion
FD0044,217,218,1,True,stationary / low motion
FD0044,218,219,0,True,stationary / low motion
FD0044,219,220,1,True,stationary / low motion
FD0044,220,230,6,False,active motion
FD0044,230,239,9,False,active motion
FD0044,239,240,4,False,active motion
FD0044,240,250,13,False,active motion
FD0044,250,260,13,False,active motion
FD0044,260,270,13,False,active motion
FD0044,270,280,11,False,active motion
FD0044,280,281,0,True,stationary / low motion
FD0044,281,290,16,False,active motion
FD0044,290,300,13,False,active motion
FD0044,300,302,5,False,active motion
FD0044,302,303,2,True,stationary / low motion
FD0044,303,304,1,True,stationary / low motion
FD0044,304,310,5,False,active motion
FD0044,310,320,11,False,active motion
FD0044,320,330,7,False,active motion
FD0044,330,340,7,False,active motion
FD0044,340,350,4,False,active motion
FD0044,350,356,2,True,stationary / low motion
FD0044,356,360,4,False,active motion
FD0044,360,370,5,False,active motion
FD0044,370,380,5,False,active motion
FD0044,380,382,1,True,stationary / low motion
FD0044,382,390,3,True,stationary / low motion
FD0044,390,400,13,False,active motion
FD0044,400,408,11,False,active motion
FD0044,408,409,0,True,stationary / low motion
FD0044,409,410,2,True,stationary / low motion
FD0044,410,420,9,False,active motion
FD0044,420,430,8,False,active motion
FD0044,430,440,10,False,active motion
FD0044,440,441,1,True,stationary / low motion
FD0044,441,450,3,True,stationary / low motion
FD0044,450,460,14,False,active motion
FD0044,460,470,10,False,active motion
FD0044,470,473,3,True,stationary / low motion
FD0049,0,10,4,False,active motion
FD0049,10,20,3,True,stationary / low motion
FD0049,20,28,1,True,stationary / low motion
FD0049,28,30,0,True,stationary / low motion
FD0049,30,40,1,True,stationary / low motion
FD0049,40,50,2,True,stationary / low motion
FD0049,50,56,2,True,stationary / low motion
FD0049,56,60,5,False,active motion
FD0049,60,70,1,True,stationary / low motion
FD0049,70,80,4,False,active motion
FD0049,80,84,2,True,stationary / low motion
FD0049,84,90,6,False,active motion
FD0049,90,100,5,False,active motion
FD0049,100,110,9,False,active motion
FD0049,110,113,5,False,active motion
FD0049,113,114,4,False,active motion
FD0049,114,120,9,False,active motion
FD0049,120,121,3,True,stationary / low motion
FD0049,121,128,17,False,active motion
FD0049,128,130,5,False,active motion
FD0049,130,135,11,False,active motion
FD0049,135,140,7,False,active motion
FD0049,140,143,4,False,active motion
FD0049,143,144,6,False,active motion
FD0049,144,145,1,True,stationary / low motion
FD0049,145,150,12,False,active motion
FD0049,150,154,3,True,stationary / low motion
FD0049,154,160,2,True,stationary / low motion
FD0049,160,164,4,False,active motion
FD0049,164,170,4,False,active motion
FD0049,170,174,5,False,active motion
FD0049,174,180,4,False,active motion
FD0049,180,184,4,False,active motion
FD0049,184,185,2,True,stationary / low motion
FD0049,185,190,6,False,active motion
FD0049,190,196,5,False,active motion
FD0024,0,10,1,True,stationary / low motion
FD0024,10,20,0,True,stationary / low motion
FD0024,20,30,2,True,stationary / low motion
FD0024,30,40,1,True,stationary / low motion
FD0024,40,50,1,True,stationary / low motion
FD0024,50,60,1,True,stationary / low motion
FD0024,60,70,2,True,stationary / low motion
FD0024,70,80,1,True,stationary / low motion
FD0024,80,90,1,True,stationary / low motion
FD0024,90,100,1,True,stationary / low motion
FD0024,100,110,1,True,stationary / low motion
FD0024,110,120,1,True,stationary / low motion
FD0024,120,121,0,True,stationary / low motion
FD0024,121,130,0,True,stationary / low motion
FD0024,130,138,1,True,stationary / low motion
FD0024,138,140,0,True,stationary / low motion
FD0024,140,150,0,True,stationary / low motion
FD0024,150,155,3,True,stationary / low motion
FD0024,155,160,1,True,stationary / low motion
FD0024,160,170,12,False,active motion
FD0024,170,172,5,False,active motion
FD0024,172,180,12,False,active motion
FD0024,180,190,11,False,active motion
FD0024,190,191,1,True,stationary / low motion
FD0024,191,200,5,False,active motion
FD0024,200,206,2,True,stationary / low motion
FD0024,206,210,0,True,stationary / low motion
FD0024,210,220,3,True,stationary / low motion
FD0024,220,221,2,True,stationary / low motion
FD0024,221,230,4,False,active motion
FD0024,230,236,1,True,stationary / low motion
FD0024,236,240,0,True,stationary / low motion
FD0024,240,250,1,True,stationary / low motion
FD0024,250,251,1,True,stationary / low motion
FD0024,251,252,1,True,stationary / low motion
FD0024,252,260,3,True,stationary / low motion
FD0024,260,270,1,True,stationary / low motion
FD0024,270,280,2,True,stationary / low motion
FD0024,280,290,3,True,stationary / low motion
FD0024,290,298,3,True,stationary / low motion
FD0024,298,300,0,True,stationary / low motion
FD0024,300,310,0,True,stationary / low motion
FD0024,310,320,0,True,stationary / low motion
FD0024,320,330,2,True,stationary / low motion
FD0024,330,340,3,True,stationary / low motion
FD0024,340,345,0,True,stationary / low motion
FD0027,0,2,1,True,stationary / low motion
FD0027,2,3,0,True,stationary / low motion
FD0027,3,10,4,False,active motion
FD0027,10,20,2,True,stationary / low motion
FD0027,20,30,7,False,active motion
FD0027,30,40,1,True,stationary / low motion
FD0027,40,47,5,False,active motion
FD0027,47,50,2,True,stationary / low motion
FD0027,50,60,6,False,active motion
FD0027,60,70,18,False,active motion
FD0027,70,80,11,False,active motion
FD0027,80,90,5,False,active motion
FD0027,90,91,1,True,stationary / low motion
FD0027,91,100,1,True,stationary / low motion
FD0027,100,110,3,True,stationary / low motion
FD0027,110,120,1,True,stationary / low motion
FD0027,120,130,5,False,active motion
FD0027,130,135,2,True,stationary / low motion
FD0027,135,140,0,True,stationary / low motion
FD0027,140,150,2,True,stationary / low motion
FD0027,150,160,1,True,stationary / low motion
FD0027,160,170,0,True,stationary / low motion
FD0027,170,180,1,True,stationary / low motion
FD0027,180,181,0,True,stationary / low motion
FD0027,181,182,0,True,stationary / low motion
FD0027,182,190,0,True,stationary / low motion
FD0027,190,194,3,True,stationary / low motion
FD0027,194,200,3,True,stationary / low motion
FD0027,200,207,0,True,stationary / low motion
FD0027,207,210,1,True,stationary / low motion
FD0027,210,220,5,False,active motion
FD0027,220,230,12,False,active motion
FD0027,230,234,8,False,active motion
FD0027,234,235,1,True,stationary / low motion
FD0027,235,236,2,True,stationary / low motion
FD0027,236,238,1,True,stationary / low motion
FD0027,238,240,6,False,active motion
FD0027,240,241,3,True,stationary / low motion
FD0027,241,243,5,False,active motion
FD0027,243,246,5,False,active motion
FD0027,246,247,1,True,stationary / low motion
FD0027,247,250,4,False,active motion
FD0027,250,260,7,False,active motion
FD0027,260,270,5,False,active motion
FD0027,270,280,6,False,active motion
FD0027,280,290,3,True,stationary / low motion
FD0027,290,300,2,True,stationary / low motion
FD0027,300,310,0,True,stationary / low motion
FD0027,310,320,2,True,stationary / low motion
FD0027,320,330,5,False,active motion
FD0027,330,340,3,True,stationary / low motion
FD0027,340,350,6,False,active motion
FD0027,350,351,0,True,stationary / low motion
FD0027,351,360,4,False,active motion
FD0027,360,363,0,True,stationary / low motion
FD0027,363,370,3,True,stationary / low motion
FD0027,370,375,1,True,stationary / low motion
FD0027,375,380,0,True,stationary / low motion
FD0027,380,387,1,True,stationary / low motion
FD0027,387,390,1,True,stationary / low motion
FD0027,390,400,2,True,stationary / low motion
FD0027,400,401,1,True,stationary / low motion
FD0027,401,410,3,True,stationary / low motion
FD0027,410,418,1,True,stationary / low motion
FD0027,418,420,1,True,stationary / low motion
FD0027,420,430,1,True,stationary / low motion
FD0027,430,436,0,True,stationary / low motion
FD0051,0,10,0,True,stationary / low motion
FD0051,10,20,0,True,stationary / low motion
FD0051,20,30,0,True,stationary / low motion
FD0051,30,40,0,True,stationary / low motion
FD0051,40,50,1,True,stationary / low motion
FD0051,50,60,4,False,active motion
FD0051,60,70,6,False,active motion
FD0051,70,80,7,False,active motion
FD0051,80,81,0,True,stationary / low motion
FD0051,81,82,4,False,active motion
FD0051,82,90,10,False,active motion
FD0051,90,100,11,False,active motion
FD0051,100,110,16,False,active motion
FD0051,110,118,19,False,active motion
FD0051,118,120,12,False,active motion
FD0051,120,130,17,False,active motion
FD0051,130,136,10,False,active motion
FD0051,136,140,6,False,active motion
FD0051,140,150,6,False,active motion
FD0051,150,155,4,False,active motion
FD0051,155,156,1,True,stationary / low motion
FD0051,156,157,2,True,stationary / low motion
FD0051,157,160,3,True,stationary / low motion
FD0051,160,161,0,True,stationary / low motion
FD0051,161,166,5,False,active motion
FD0051,166,170,2,True,stationary / low motion
FD0051,170,175,2,True,stationary / low motion
FD0051,175,176,1,True,stationary / low motion
FD0052,0,9,0,True,stationary / low motion
FD0052,9,10,0,True,stationary / low motion
FD0052,10,18,1,True,stationary / low motion
FD0052,18,20,0,True,stationary / low motion
FD0052,20,27,3,True,stationary / low motion
FD0052,27,30,2,True,stationary / low motion
FD0052,30,36,3,True,stationary / low motion
FD0052,36,37,0,True,stationary / low motion
FD0052,37,38,0,True,stationary / low motion
FD0052,38,40,3,True,stationary / low motion
FD0052,40,50,3,True,stationary / low motion
FD0052,50,60,8,False,active motion
FD0052,60,63,3,True,stationary / low motion
FD0052,63,70,8,False,active motion
FD0052,70,76,4,False,active motion
FD0052,76,80,5,False,active motion
FD0052,80,89,3,True,stationary / low motion
FD0052,89,90,3,True,stationary / low motion
FD0052,90,91,1,True,stationary / low motion
FD0052,91,94,3,True,stationary / low motion
FD0052,94,98,2,True,stationary / low motion
FD0052,98,100,2,True,stationary / low motion
FD0052,100,102,1,True,stationary / low motion
FD0052,102,106,0,True,stationary / low motion
FD0052,106,107,1,True,stationary / low motion
FD0052,107,110,1,True,stationary / low motion
FD0052,110,120,7,False,active motion
FD0052,120,130,2,True,stationary / low motion
FD0052,130,140,3,True,stationary / low motion
FD0052,140,150,2,True,stationary / low motion
FD0052,150,157,2,True,stationary / low motion
FD0052,157,160,2,True,stationary / low motion
FD0052,160,170,1,True,stationary / low motion
FD0052,170,180,1,True,stationary / low motion
FD0052,180,190,0,True,stationary / low motion
FD0052,190,200,1,True,stationary / low motion
FD0052,200,207,4,False,active motion
FD0054,0,10,1,True,stationary / low motion
FD0054,10,20,1,True,stationary / low motion
FD0054,20,30,2,True,stationary / low motion
FD0054,30,33,0,True,stationary / low motion
FD0054,33,40,0,True,stationary / low motion
FD0054,40,50,0,True,stationary / low motion
FD0054,50,60,0,True,stationary / low motion
FD0054,60,67,0,True,stationary / low motion
FD0054,67,70,0,True,stationary / low motion
FD0054,70,80,0,True,stationary / low motion
FD0054,80,90,0,True,stationary / low motion
FD0054,90,100,1,True,stationary / low motion
FD0054,100,110,0,True,stationary / low motion
FD0054,110,120,0,True,stationary / low motion
FD0054,120,130,0,True,stationary / low motion
FD0054,130,134,0,True,stationary / low motion
FD0054,134,135,1,True,stationary / low motion
FD0054,135,136,1,True,stationary / low motion
FD0054,136,140,4,False,active motion
FD0054,140,143,2,True,stationary / low motion
FD0054,143,150,8,False,active motion
FD0054,150,157,7,False,active motion
FD0054,157,160,8,False,active motion
FD0054,160,164,6,False,active motion
FD0054,164,165,5,False,active motion
FD0054,165,166,1,True,stationary / low motion
FD0054,166,170,9,False,active motion
FD0054,170,180,10,False,active motion
FD0054,180,184,4,False,active motion
FD0054,184,190,4,False,active motion
FD0054,190,200,4,False,active motion
FD0054,200,202,0,True,stationary / low motion
FD0054,202,210,2,True,stationary / low motion
FD0054,210,220,4,False,active motion
FD0054,220,230,3,True,stationary / low motion
FD0054,230,238,2,True,stationary / low motion
FD0054,238,239,1,True,stationary / low motion
FD0054,239,240,3,True,stationary / low motion
FD0054,240,250,3,True,stationary / low motion
FD0054,250,260,1,True,stationary / low motion
FD0054,260,270,1,True,stationary / low motion
FD0054,270,280,1,True,stationary / low motion
FD0054,280,290,0,True,stationary / low motion
FD0054,290,295,1,True,stationary / low motion
FD0054,295,300,2,True,stationary / low motion
FD0054,300,310,0,True,stationary / low motion
FD0054,310,320,2,True,stationary / low motion
FD0054,320,330,0,True,stationary / low motion
FD0054,330,340,0,True,stationary / low motion
FD0054,340,350,1,True,stationary / low motion
FD0054,350,352,1,True,stationary / low motion
FD0007,0,10,4,False,active motion
FD0007,10,20,2,True,stationary / low motion
FD0007,20,30,1,True,stationary / low motion
FD0007,30,40,0,True,stationary / low motion
FD0007,40,50,2,True,stationary / low motion
FD0007,50,60,0,True,stationary / low motion
FD0007,60,70,1,True,stationary / low motion
FD0007,70,80,2,True,stationary / low motion
FD0007,80,90,0,True,stationary / low motion
FD0007,90,100,0,True,stationary / low motion
FD0007,100,110,0,True,stationary / low motion
FD0007,110,120,1,True,stationary / low motion
FD0007,120,130,0,True,stationary / low motion
FD0007,130,140,2,True,stationary / low motion
FD0007,140,150,3,True,stationary / low motion
FD0007,150,160,0,True,stationary / low motion
FD0007,160,170,2,True,stationary / low motion
FD0007,170,180,0,True,stationary / low motion
FD0007,180,190,6,False,active motion
FD0007,190,200,4,False,active motion
FD0007,200,210,11,False,active motion
FD0007,210,220,8,False,active motion
FD0007,220,230,6,False,active motion
FD0007,230,240,5,False,active motion
FD0007,240,250,2,True,stationary / low motion
FD0007,250,260,2,True,stationary / low motion
FD0007,260,270,0,True,stationary / low motion
FD0007,270,280,16,False,active motion
FD0007,280,290,6,False,active motion
FD0007,290,300,9,False,active motion
FD0007,300,310,3,True,stationary / low motion
FD0007,310,320,14,False,active motion
FD0007,320,330,11,False,active motion
FD0007,330,340,14,False,active motion
FD0007,340,350,2,True,stationary / low motion
FD0007,350,360,6,False,active motion
FD0007,360,370,14,False,active motion
FD0007,370,380,9,False,active motion
FD0007,380,383,4,False,active motion
FD0001,0,10,0,True,stationary / low motion
FD0001,10,20,0,True,stationary / low motion
FD0001,20,30,2,True,stationary / low motion
FD0001,30,40,1,True,stationary / low motion
FD0001,40,50,0,True,stationary / low motion
FD0001,50,60,2,True,stationary / low motion
FD0001,60,70,1,True,stationary / low motion
FD0001,70,80,0,True,stationary / low motion
FD0001,80,90,0,True,stationary / low motion
FD0001,90,100,2,True,stationary / low motion
FD0001,100,110,2,True,stationary / low motion
FD0001,110,120,5,False,active motion
FD0001,120,130,2,True,stationary / low motion
FD0001,130,140,2,True,stationary / low motion
FD0001,140,150,2,True,stationary / low motion
FD0001,150,160,6,False,active motion
FD0001,160,170,3,True,stationary / low motion
FD0001,170,180,5,False,active motion
FD0001,180,190,3,True,stationary / low motion
FD0001,190,200,2,True,stationary / low motion
FD0001,200,210,6,False,active motion
FD0001,210,220,7,False,active motion
FD0001,220,230,3,True,stationary / low motion
FD0001,230,240,8,False,active motion
FD0001,240,250,13,False,active motion
FD0001,250,260,11,False,active motion
FD0001,260,270,6,False,active motion
FD0001,270,280,8,False,active motion
FD0001,280,290,3,True,stationary / low motion
FD0001,290,300,1,True,stationary / low motion
FD0001,300,310,4,False,active motion
FD0001,310,320,3,True,stationary / low motion
FD0001,320,325,2,True,stationary / low motion
