filename,source_split,group_id,proposed_split,rationale
image1.jpeg,test,grp_solar_panels,train,solar_panel_maintenance
image2.jpg,train,grp_scene_0002,train,general_construction_scene
image3.jpeg,train,grp_scene_0003,train,general_construction_scene
image4.jpg,train,grp_scene_0004,train,general_construction_scene
image5.jpeg,train,grp_scene_0005,train,general_construction_scene
image6.jpeg,test,grp_scene_0006,train,general_construction_scene
image7.jpg,train,grp_scene_0007,test,general_construction_scene
image8.jpeg,train,grp_scene_0008,train,general_construction_scene
image9.jpg,val,grp_scene_0009,train,general_construction_scene
image10.jpeg,test,grp_scene_0010,val,general_construction_scene
image11.jpeg,val,grp_scene_0011,train,general_construction_scene
image12.jpg,val,grp_scene_0012,train,general_construction_scene
image13.jpeg,train,grp_scene_0013,train,general_construction_scene
image14.jpeg,train,grp_scene_0014,train,general_construction_scene
image15.jpg,train,grp_scene_0015,train,general_construction_scene
image16.jpeg,train,grp_scene_0016,train,general_construction_scene
image17.jpg,train,grp_scene_0017,test,general_construction_scene
image18.jpeg,train,grp_scene_0018,train,general_construction_scene
image19.jpeg,train,grp_scene_0019,train,general_construction_scene
image20.jpg,train,grp_scene_0020,val,general_construction_scene
image21.jpeg,train,grp_scene_0021,train,general_construction_scene
image22.jpg,train,grp_scene_0022,train,general_construction_scene
image23.jpeg,val,grp_utility_wiring,train,street_utility_ladder_scene
image24.jpg,train,grp_scene_0024,train,general_construction_scene
image25.jpeg,train,grp_scene_0025,train,general_construction_scene
image26.jpeg,train,grp_scene_0026,train,general_construction_scene
image27.jpeg,val,grp_scene_0027,test,general_construction_scene
image28.jpeg,train,grp_scene_0028,train,general_construction_scene
image29.jpeg,train,grp_scene_0029,train,general_construction_scene
image30.jpeg,train,grp_scene_0030,val,general_construction_scene
image31.jpg,val,grp_scene_0031,train,general_construction_scene
image32.jpeg,train,grp_scene_0032,train,general_construction_scene
image33.jpg,train,grp_scene_0033,train,general_construction_scene
image34.jpeg,train,grp_scene_0034,train,general_construction_scene
image35.jpeg,val,grp_scene_0035,train,general_construction_scene
image36.jpg,train,grp_scene_0036,train,general_construction_scene
image37.jpeg,train,grp_scene_0037,test,general_construction_scene
image38.jpg,train,grp_scene_0038,train,general_construction_scene
image39.jpeg,train,grp_scene_0039,train,general_construction_scene
image40.jpg,test,grp_scene_0040,val,general_construction_scene
image41.jpeg,train,grp_scene_0041,train,general_construction_scene
image42.jpg,train,grp_scene_0042,train,general_construction_scene
image43.jpeg,train,grp_scene_0043,train,general_construction_scene
image44.jpeg,train,grp_scene_0044,train,general_construction_scene
image45.jpg,train,grp_scene_0045,train,general_construction_scene
image46.jpeg,val,grp_scene_0046,train,general_construction_scene
image47.jpg,train,grp_scene_0047,test,general_construction_scene
image48.jpeg,train,grp_scene_0048,train,general_construction_scene
image49.jpg,train,grp_scene_0049,train,general_construction_scene
image50.jpeg,train,grp_scene_0050,val,general_construction_scene
image51.jpeg,train,grp_scene_0051,train,general_construction_scene
image52.jpg,train,grp_scene_0052,train,general_construction_scene
image53.jpeg,train,grp_scene_0053,train,general_construction_scene
image54.jpg,train,grp_scene_0054,train,general_construction_scene
image55.jpeg,train,grp_scene_0055,train,general_construction_scene
image56.jpg,train,grp_scene_0056,train,general_construction_scene
image57.jpeg,train,grp_scene_0057,test,general_construction_scene
image58.jpeg,test,grp_scene_0058,train,general_construction_scene
image59.jpg,train,grp_scene_0059,train,general_construction_scene
image60.jpeg,train,grp_scene_0060,val,general_construction_scene
image61.jpg,train,grp_scene_0061,train,general_construction_scene
image62.jpeg,train,grp_scene_0062,train,general_construction_scene
image63.jpg,test,grp_scene_0063,train,general_construction_scene
image64.jpeg,train,grp_scene_0064,train,general_construction_scene
image65.jpeg,val,grp_scene_0065,train,general_construction_scene
image66.jpg,train,grp_scene_0066,train,general_construction_scene
image67.jpeg,train,grp_scene_0067,test,general_construction_scene
image68.jpg,train,grp_scene_0068,train,general_construction_scene
image69.jpeg,train,grp_scene_0069,train,general_construction_scene
image70.jpeg,test,grp_scene_0070,val,general_construction_scene
image71.jpg,train,grp_scene_0071,train,general_construction_scene
image72.jpeg,train,grp_scene_0072,train,general_construction_scene
image73.jpg,train,grp_scene_0073,train,general_construction_scene
image74.jpeg,val,grp_scene_0074,train,general_construction_scene
image75.jpg,train,grp_scene_0075,train,general_construction_scene
image76.jpg,train,grp_scene_0076,train,general_construction_scene
image77.jpg,train,grp_scene_0077,test,general_construction_scene
image78.jpg,train,grp_scene_0078,train,general_construction_scene
image79.jpg,train,grp_scene_0079,train,general_construction_scene
image80.jpg,train,grp_scene_0080,val,general_construction_scene
image81.jpg,train,grp_scene_0081,train,general_construction_scene
image82.jpg,train,grp_scene_0082,train,general_construction_scene
image83.jpg,train,grp_scene_0083,train,general_construction_scene
image84.jpg,train,grp_scene_0084,train,general_construction_scene
image85.jpg,train,grp_scene_0085,train,general_construction_scene
image86.jpg,train,grp_scene_0086,train,general_construction_scene
image87.jpg,train,grp_scene_0087,test,general_construction_scene
image88.jpg,train,grp_scene_0088,train,general_construction_scene
image89.jpeg,train,grp_scene_0089,train,general_construction_scene
image90.jpg,train,grp_scene_0090,val,general_construction_scene
image91.jpg,train,grp_scene_0091,train,general_construction_scene
image92.jpg,train,grp_scene_0092,train,general_construction_scene
image93.jpg,train,grp_scene_0093,train,general_construction_scene
image94.jpg,train,grp_scene_0094,train,general_construction_scene
image95.jpg,train,grp_scene_0095,train,general_construction_scene
image96.jpg,train,grp_scene_0096,train,general_construction_scene
image97.jpg,train,grp_scene_0097,test,general_construction_scene
image98.jpg,test,grp_scene_0098,train,general_construction_scene
image99.jpeg,train,grp_scene_0099,train,general_construction_scene
image100.jpg,train,grp_china_police_inspection,train,china_police_highway_inspection
image101.jpeg,train,grp_scene_0101,train,general_construction_scene
image102.jpg,train,grp_scene_0102,train,general_construction_scene
image103.jpeg,train,grp_scene_0103,train,general_construction_scene
image104.jpg,train,grp_rooftop_a,train,rooftop_actor_sequence_a
image105.jpg,train,grp_rooftop_a,train,rooftop_actor_sequence_a
image106.jpg,train,grp_rooftop_a,train,rooftop_actor_sequence_a
image107.jpg,train,grp_warehouse_worker,train,warehouse_worker_photoshoot
image108.jpg,train,grp_warehouse_worker,train,warehouse_worker_photoshoot
image109.jpg,train,grp_scene_0109,train,general_construction_scene
image110.jpg,test,grp_scene_0110,val,general_construction_scene
image111.jpg,train,grp_scene_0111,train,general_construction_scene
image112.jpeg,train,grp_scene_0112,train,general_construction_scene
image113.jpg,train,grp_scene_0113,train,general_construction_scene
image114.jpg,train,grp_scene_0114,train,general_construction_scene
image115.jpg,val,grp_scene_0115,train,general_construction_scene
image116.jpg,test,grp_scene_0116,train,general_construction_scene
image117.jpg,val,grp_scene_0117,test,general_construction_scene
image118.jpg,train,grp_scene_0118,train,general_construction_scene
image119.jpg,train,grp_scene_0119,train,general_construction_scene
image120.jpg,train,grp_scene_0120,val,general_construction_scene
image121.jpg,train,grp_scene_0121,train,general_construction_scene
image122.jpeg,test,grp_scene_0122,train,general_construction_scene
image123.jpg,train,grp_scene_0123,train,general_construction_scene
image124.jpg,train,grp_scene_0124,train,general_construction_scene
image125.jpg,train,grp_scene_0125,train,general_construction_scene
image126.jpg,train,grp_scene_0126,train,general_construction_scene
image127.jpg,train,grp_scene_0127,test,general_construction_scene
image128.jpg,train,grp_scene_0128,train,general_construction_scene
image129.jpg,train,grp_scene_0129,train,general_construction_scene
image130.jpg,val,grp_scene_0130,val,general_construction_scene
image131.jpg,train,grp_scene_0131,train,general_construction_scene
image132.jpg,val,grp_scene_0132,train,general_construction_scene
image133.jpeg,train,grp_scene_0133,train,general_construction_scene
image134.jpg,train,grp_scene_0134,train,general_construction_scene
image135.jpg,train,grp_scene_0135,train,general_construction_scene
image136.jpg,train,grp_scene_0136,train,general_construction_scene
image137.jpg,val,grp_scene_0137,test,general_construction_scene
image138.jpg,train,grp_scene_0138,train,general_construction_scene
image139.jpg,train,grp_scene_0139,train,general_construction_scene
image140.jpg,test,grp_scene_0140,val,general_construction_scene
image141.jpeg,val,grp_scene_0141,train,general_construction_scene
image142.jpg,train,grp_scene_0142,train,general_construction_scene
image143.jpg,train,grp_scene_0143,train,general_construction_scene
image144.jpg,val,grp_scene_0144,train,general_construction_scene
image145.jpg,train,grp_scene_0145,train,general_construction_scene
image146.jpg,train,grp_scene_0146,train,general_construction_scene
image147.jpg,train,grp_scene_0147,test,general_construction_scene
image148.jpg,train,grp_scene_0148,train,general_construction_scene
image149.jpg,test,grp_scene_0149,train,general_construction_scene
image150.jpg,test,grp_scene_0150,val,general_construction_scene
image151.jpg,val,grp_scene_0151,train,general_construction_scene
image152.jpeg,train,grp_scene_0152,train,general_construction_scene
image153.jpg,train,grp_scene_0153,train,general_construction_scene
image154.jpg,train,grp_scene_0154,train,general_construction_scene
image155.jpeg,train,grp_scene_0155,train,general_construction_scene
image156.jpg,train,grp_scene_0156,train,general_construction_scene
image157.jpeg,train,grp_scene_0157,test,general_construction_scene
image158.jpeg,train,grp_scene_0158,train,general_construction_scene
image159.jpeg,train,grp_scene_0159,train,general_construction_scene
image160.jpg,test,grp_scene_0160,val,general_construction_scene
image161.jpg,test,grp_scene_0161,train,general_construction_scene
image162.jpg,train,grp_scene_0162,train,general_construction_scene
image163.jpg,train,grp_scene_0163,train,general_construction_scene
image164.jpg,val,grp_scene_0164,train,general_construction_scene
image165.jpg,train,grp_scene_0165,train,general_construction_scene
image166.jpg,train,grp_scene_0166,train,general_construction_scene
image167.jpg,test,grp_scene_0167,test,general_construction_scene
image168.jpg,test,grp_scene_0168,train,general_construction_scene
image169.jpg,test,grp_scene_0169,train,general_construction_scene
image170.jpg,train,grp_scene_0170,val,general_construction_scene
image171.jpg,val,grp_scene_0171,train,general_construction_scene
image172.jpg,train,grp_scene_0172,train,general_construction_scene
image173.jpg,train,grp_scene_0173,train,general_construction_scene
image174.jpg,train,grp_scene_0174,train,general_construction_scene
image175.jpg,train,grp_scene_0175,train,general_construction_scene
image176.jpg,val,grp_scene_0176,train,general_construction_scene
image177.jpg,train,grp_scene_0177,test,general_construction_scene
image178.jpg,train,grp_scene_0178,train,general_construction_scene
image179.jpg,train,grp_scene_0179,train,general_construction_scene
image180.jpg,test,grp_scene_0180,val,general_construction_scene
image181.jpg,train,grp_scene_0181,train,general_construction_scene
image182.jpg,test,grp_scene_0182,train,general_construction_scene
image183.jpg,train,grp_scene_0183,train,general_construction_scene
image184.jpg,train,grp_scene_0184,train,general_construction_scene
image185.jpg,train,grp_scene_0185,train,general_construction_scene
image186.jpg,train,grp_scene_0186,train,general_construction_scene
image187.jpg,train,grp_scene_0187,test,general_construction_scene
image188.jpg,train,grp_scene_0188,train,general_construction_scene
image189.jpg,train,grp_scene_0189,train,general_construction_scene
image190.jpg,test,grp_scene_0190,val,general_construction_scene
image191.jpg,train,grp_scene_0191,train,general_construction_scene
image192.jpg,train,grp_scene_0192,train,general_construction_scene
image193.jpg,train,grp_scene_0193,train,general_construction_scene
image194.jpg,train,grp_scene_0194,train,general_construction_scene
image195.jpg,train,grp_scene_0195,train,general_construction_scene
image196.jpg,train,grp_scene_0196,train,general_construction_scene
image197.jpg,train,grp_scene_0197,test,general_construction_scene
image198.jpg,train,grp_scene_0198,train,general_construction_scene
image199.jpg,val,grp_scene_0199,train,general_construction_scene
image200.jpg,train,grp_scene_0200,val,general_construction_scene
image201.jpg,train,grp_scene_0201,train,general_construction_scene
image202.jpg,val,grp_scene_0202,train,general_construction_scene
image203.jpg,train,grp_scene_0203,train,general_construction_scene
image204.jpg,train,grp_scene_0204,train,general_construction_scene
image205.jpg,train,grp_scene_0205,train,general_construction_scene
image206.jpg,train,grp_scene_0206,train,general_construction_scene
image207.jpg,test,grp_scene_0207,test,general_construction_scene
image208.jpeg,train,grp_scene_0208,train,general_construction_scene
image209.jpg,train,grp_scene_0209,train,general_construction_scene
image210.jpg,train,grp_scene_0210,val,general_construction_scene
image211.jpeg,train,grp_scene_0211,train,general_construction_scene
image212.jpg,val,grp_scene_0212,train,general_construction_scene
image213.jpg,train,grp_scene_0213,train,general_construction_scene
image214.jpeg,train,grp_scene_0214,train,general_construction_scene
image215.jpeg,train,grp_scene_0215,train,general_construction_scene
image216.jpg,train,grp_scene_0216,train,general_construction_scene
image217.jpg,train,grp_scene_0217,test,general_construction_scene
image218.jpg,train,grp_scene_0218,train,general_construction_scene
image219.jpg,train,grp_scene_0219,train,general_construction_scene
image220.jpg,train,grp_scene_0220,val,general_construction_scene
image221.jpg,train,grp_scene_0221,train,general_construction_scene
image222.jpg,train,grp_scene_0222,train,general_construction_scene
image223.jpg,train,grp_scene_0223,train,general_construction_scene
image224.jpg,train,grp_scene_0224,train,general_construction_scene
image225.jpg,test,grp_scene_0225,train,general_construction_scene
image226.jpg,train,grp_scene_0226,train,general_construction_scene
image227.jpg,train,grp_scene_0227,test,general_construction_scene
image228.jpg,train,grp_scene_0228,train,general_construction_scene
image229.jpg,train,grp_scene_0229,train,general_construction_scene
image230.jpg,val,grp_scene_0230,val,general_construction_scene
image231.jpg,test,grp_scene_0231,train,general_construction_scene
image232.jpg,train,grp_scene_0232,train,general_construction_scene
image233.jpg,train,grp_scene_0233,train,general_construction_scene
image234.jpg,train,grp_scene_0234,train,general_construction_scene
image235.jpg,train,grp_scene_0235,train,general_construction_scene
image236.jpg,train,grp_scene_0236,train,general_construction_scene
image237.jpg,train,grp_scene_0237,test,general_construction_scene
image238.jpg,val,grp_scene_0238,train,general_construction_scene
image239.jpg,train,grp_scene_0239,train,general_construction_scene
image240.jpg,train,grp_scene_0240,val,general_construction_scene
image241.jpg,test,grp_scene_0241,train,general_construction_scene
image242.jpg,train,grp_scene_0242,train,general_construction_scene
image243.jpg,train,grp_scene_0243,train,general_construction_scene
image244.jpg,train,grp_scene_0244,train,general_construction_scene
image245.jpg,train,grp_scene_0245,train,general_construction_scene
image246.jpg,train,grp_scene_0246,train,general_construction_scene
image247.jpg,train,grp_scene_0247,test,general_construction_scene
image248.jpg,train,grp_scene_0248,train,general_construction_scene
image249.jpg,train,grp_scene_0249,train,general_construction_scene
image250.jpg,train,grp_scene_0250,val,general_construction_scene
image251.jpg,train,grp_scene_0251,train,general_construction_scene
image252.jpg,train,grp_scene_0252,train,general_construction_scene
image253.jpg,val,grp_scene_0253,train,general_construction_scene
image254.jpg,train,grp_scene_0254,train,general_construction_scene
image255.jpg,train,grp_scene_0255,train,general_construction_scene
image256.jpg,train,grp_scene_0256,train,general_construction_scene
image257.jpg,test,grp_scene_0257,test,general_construction_scene
image258.jpg,train,grp_scene_0258,train,general_construction_scene
image259.jpg,val,grp_scene_0259,train,general_construction_scene
image260.jpg,train,grp_scene_0260,val,general_construction_scene
image261.jpg,train,grp_scene_0261,train,general_construction_scene
image262.jpg,train,grp_scene_0262,train,general_construction_scene
image263.jpg,train,grp_scene_0263,train,general_construction_scene
image264.jpg,train,grp_scene_0264,train,general_construction_scene
image265.jpg,train,grp_scene_0265,train,general_construction_scene
image266.jpg,train,grp_scene_0266,train,general_construction_scene
image267.jpg,train,grp_scene_0267,test,general_construction_scene
image268.jpg,train,grp_scene_0268,train,general_construction_scene
image269.jpg,train,grp_scene_0269,train,general_construction_scene
image270.jpg,val,grp_scene_0270,val,general_construction_scene
image271.jpg,test,grp_scene_0271,train,general_construction_scene
image272.jpg,train,grp_scene_0272,train,general_construction_scene
image273.jpg,train,grp_scene_0273,train,general_construction_scene
image274.jpg,train,grp_scene_0274,train,general_construction_scene
image275.jpg,train,grp_scene_0275,train,general_construction_scene
image276.jpg,train,grp_scene_0276,train,general_construction_scene
image277.jpg,train,grp_scene_0277,test,general_construction_scene
image278.jpg,val,grp_scene_0278,train,general_construction_scene
image279.jpg,train,grp_scene_0279,train,general_construction_scene
image280.jpg,train,grp_scene_0280,val,general_construction_scene
image281.jpg,train,grp_scene_0281,train,general_construction_scene
image282.jpg,train,grp_scene_0282,train,general_construction_scene
image283.jpg,train,grp_scene_0283,train,general_construction_scene
image284.jpg,train,grp_scene_0284,train,general_construction_scene
image285.jpg,train,grp_scene_0285,train,general_construction_scene
image286.jpg,train,grp_scene_0286,train,general_construction_scene
image287.jpg,test,grp_scene_0287,test,general_construction_scene
image288.jpg,train,grp_scene_0288,train,general_construction_scene
image289.jpg,train,grp_scene_0289,train,general_construction_scene
image290.jpg,train,grp_scene_0290,val,general_construction_scene
image291.jpg,train,grp_scene_0291,train,general_construction_scene
image292.jpg,train,grp_scene_0292,train,general_construction_scene
image293.jpeg,train,grp_scene_0293,train,general_construction_scene
image294.jpg,train,grp_scene_0294,train,general_construction_scene
image295.jpg,train,grp_scene_0295,train,general_construction_scene
image296.jpg,test,grp_scene_0296,train,general_construction_scene
image297.jpg,train,grp_scene_0297,test,general_construction_scene
image298.jpg,train,grp_scene_0298,train,general_construction_scene
image299.jpg,train,grp_scene_0299,train,general_construction_scene
image300.jpeg,train,grp_scene_0300,val,general_construction_scene
image301.jpg,train,grp_scene_0301,train,general_construction_scene
image302.jpg,train,grp_scene_0302,train,general_construction_scene
image303.jpg,train,grp_scene_0303,train,general_construction_scene
image304.jpg,train,grp_scene_0304,train,general_construction_scene
image305.jpg,train,grp_scene_0305,train,general_construction_scene
image306.jpg,train,grp_scene_0306,train,general_construction_scene
image307.jpg,train,grp_scene_0307,test,general_construction_scene
image308.jpg,train,grp_scene_0308,train,general_construction_scene
image309.jpg,train,grp_scene_0309,train,general_construction_scene
image310.jpg,train,grp_scene_0310,val,general_construction_scene
image311.jpg,train,grp_scene_0311,train,general_construction_scene
image312.jpg,train,grp_scene_0312,train,general_construction_scene
image313.jpg,train,grp_scene_0313,train,general_construction_scene
image314.jpg,train,grp_scene_0314,train,general_construction_scene
image315.jpg,train,grp_scene_0315,train,general_construction_scene
image316.jpg,train,grp_scene_0316,train,general_construction_scene
image317.jpg,train,grp_scene_0317,test,general_construction_scene
image318.jpg,val,grp_scene_0318,train,general_construction_scene
image319.jpg,train,grp_scene_0319,train,general_construction_scene
image320.jpg,train,grp_scene_0320,val,general_construction_scene
image321.jpg,train,grp_scene_0321,train,general_construction_scene
image322.jpg,train,grp_scene_0322,train,general_construction_scene
image323.jpg,train,grp_scene_0323,train,general_construction_scene
image324.jpg,test,grp_scene_0324,train,general_construction_scene
image325.jpg,train,grp_scene_0325,train,general_construction_scene
image326.jpg,train,grp_scene_0326,train,general_construction_scene
image327.jpeg,train,grp_scene_0327,test,general_construction_scene
image328.jpeg,train,grp_scene_0328,train,general_construction_scene
image329.jpeg,val,grp_scene_0329,train,general_construction_scene
image330.jpg,val,grp_scene_0330,val,general_construction_scene
image331.jpg,train,grp_scene_0331,train,general_construction_scene
image332.jpg,train,grp_scene_0332,train,general_construction_scene
image333.jpg,train,grp_scene_0333,train,general_construction_scene
image334.jpg,train,grp_scene_0334,train,general_construction_scene
image335.jpg,train,grp_scene_0335,train,general_construction_scene
image336.jpg,train,grp_scene_0336,train,general_construction_scene
image337.jpg,val,grp_scene_0337,test,general_construction_scene
image338.jpg,train,grp_scene_0338,train,general_construction_scene
image339.jpg,train,grp_scene_0339,train,general_construction_scene
image340.jpg,train,grp_scene_0340,val,general_construction_scene
image341.jpg,train,grp_scene_0341,train,general_construction_scene
image342.jpg,train,grp_scene_0342,train,general_construction_scene
image343.jpeg,train,grp_scene_0343,train,general_construction_scene
image344.jpg,train,grp_scene_0344,train,general_construction_scene
image345.jpg,test,grp_scene_0345,train,general_construction_scene
image346.jpg,train,grp_scene_0346,train,general_construction_scene
image347.jpg,val,grp_scene_0347,test,general_construction_scene
image348.jpg,train,grp_scene_0348,train,general_construction_scene
image349.jpg,train,grp_scene_0349,train,general_construction_scene
image350.jpg,test,grp_rooftop_a,train,rooftop_actor_sequence_a
image351.jpg,train,grp_rooftop_a,train,rooftop_actor_sequence_a
image352.jpg,train,grp_rooftop_a,train,rooftop_actor_sequence_a
image353.jpg,train,grp_rooftop_a,train,rooftop_actor_sequence_a
image354.jpg,train,grp_rooftop_a,train,rooftop_actor_sequence_a
image355.jpg,val,grp_rooftop_a,train,rooftop_actor_sequence_a
image356.jpg,train,grp_rooftop_a,train,rooftop_actor_sequence_a
image357.jpg,train,grp_rooftop_a,train,rooftop_actor_sequence_a
image358.jpg,train,grp_rooftop_a,train,rooftop_actor_sequence_a
image359.jpg,train,grp_rooftop_a,train,rooftop_actor_sequence_a
image360.jpg,val,grp_rooftop_a,train,rooftop_actor_sequence_a
image361.jpg,test,grp_rooftop_a,train,rooftop_actor_sequence_a
image362.jpg,train,grp_rooftop_a,train,rooftop_actor_sequence_a
image363.jpg,train,grp_rooftop_a,train,rooftop_actor_sequence_a
image364.jpg,train,grp_rooftop_a,train,rooftop_actor_sequence_a
image365.jpg,train,grp_rooftop_a,train,rooftop_actor_sequence_a
image366.jpg,train,grp_scene_0366,train,general_construction_scene
image367.jpg,train,grp_scene_0367,test,general_construction_scene
image368.jpg,train,grp_scene_0368,train,general_construction_scene
image369.jpg,train,grp_scene_0369,train,general_construction_scene
image370.jpg,train,grp_scene_0370,val,general_construction_scene
image371.jpg,train,grp_scene_0371,train,general_construction_scene
image372.jpg,train,grp_scene_0372,train,general_construction_scene
image373.jpg,train,grp_scene_0373,train,general_construction_scene
image374.jpg,train,grp_scene_0374,train,general_construction_scene
image375.jpg,train,grp_scene_0375,train,general_construction_scene
image376.jpg,train,grp_scene_0376,train,general_construction_scene
image377.jpg,train,grp_scene_0377,test,general_construction_scene
image378.jpg,train,grp_scene_0378,train,general_construction_scene
image379.jpg,train,grp_scene_0379,train,general_construction_scene
image380.jpg,train,grp_rooftop_a,train,rooftop_actor_sequence_a
image381.jpg,test,grp_rooftop_a,train,rooftop_actor_sequence_a
image382.jpg,train,grp_rooftop_a,train,rooftop_actor_sequence_a
image383.jpg,train,grp_rooftop_a,train,rooftop_actor_sequence_a
image384.jpg,train,grp_rooftop_a,train,rooftop_actor_sequence_a
image385.jpg,train,grp_rooftop_a,train,rooftop_actor_sequence_a
image386.jpg,train,grp_rooftop_a,train,rooftop_actor_sequence_a
image387.jpg,train,grp_rooftop_a,train,rooftop_actor_sequence_a
image388.jpg,train,grp_rooftop_a,train,rooftop_actor_sequence_a
image389.jpg,test,grp_rooftop_a,train,rooftop_actor_sequence_a
image390.jpg,train,grp_rooftop_a,train,rooftop_actor_sequence_a
image391.jpg,val,grp_rooftop_a,train,rooftop_actor_sequence_a
image392.jpg,val,grp_rooftop_a,train,rooftop_actor_sequence_a
image393.jpg,test,grp_rooftop_a,train,rooftop_actor_sequence_a
image394.jpg,train,grp_rooftop_a,train,rooftop_actor_sequence_a
image395.jpg,val,grp_rooftop_a,train,rooftop_actor_sequence_a
image396.jpg,val,grp_rooftop_a,train,rooftop_actor_sequence_a
image397.jpg,train,grp_rooftop_a,train,rooftop_actor_sequence_a
image398.jpg,train,grp_rooftop_a,train,rooftop_actor_sequence_a
image399.jpg,train,grp_rooftop_a,train,rooftop_actor_sequence_a
image400.jpg,train,grp_rooftop_a,train,rooftop_actor_sequence_a
image401.jpg,test,grp_rooftop_a,train,rooftop_actor_sequence_a
image402.jpg,train,grp_rooftop_a,train,rooftop_actor_sequence_a
image403.jpg,train,grp_rooftop_a,train,rooftop_actor_sequence_a
image404.jpg,train,grp_rooftop_a,train,rooftop_actor_sequence_a
image405.jpg,train,grp_rooftop_a,train,rooftop_actor_sequence_a
image406.jpg,train,grp_rooftop_a,train,rooftop_actor_sequence_a
image407.jpg,val,grp_rooftop_a,train,rooftop_actor_sequence_a
image408.jpg,train,grp_rooftop_a,train,rooftop_actor_sequence_a
image409.jpg,train,grp_rooftop_a,train,rooftop_actor_sequence_a
image410.jpg,train,grp_rooftop_a,train,rooftop_actor_sequence_a
image411.jpg,val,grp_rooftop_a,train,rooftop_actor_sequence_a
image412.jpg,train,grp_rooftop_a,train,rooftop_actor_sequence_a
image413.jpg,train,grp_rooftop_a,train,rooftop_actor_sequence_a
image414.jpg,train,grp_rooftop_a,train,rooftop_actor_sequence_a
image415.jpg,train,grp_rooftop_a,train,rooftop_actor_sequence_a
image416.jpg,train,grp_rooftop_a,train,rooftop_actor_sequence_a
image417.jpg,train,grp_rooftop_a,train,rooftop_actor_sequence_a
image418.jpg,train,grp_rooftop_a,train,rooftop_actor_sequence_a
image419.jpg,val,grp_rooftop_a,train,rooftop_actor_sequence_a
image420.jpg,train,grp_rooftop_a,train,rooftop_actor_sequence_a
image421.jpg,train,grp_rooftop_a,train,rooftop_actor_sequence_a
image422.jpg,train,grp_rooftop_a,train,rooftop_actor_sequence_a
image423.jpg,test,grp_rooftop_a,train,rooftop_actor_sequence_a
image424.jpg,train,grp_rooftop_a,train,rooftop_actor_sequence_a
image425.jpg,train,grp_rooftop_a,train,rooftop_actor_sequence_a
image426.jpg,train,grp_rooftop_a,train,rooftop_actor_sequence_a
image427.jpg,train,grp_rooftop_a,train,rooftop_actor_sequence_a
image428.jpg,train,grp_rooftop_a,train,rooftop_actor_sequence_a
image429.jpg,train,grp_rooftop_a,train,rooftop_actor_sequence_a
image430.jpg,val,grp_rooftop_a,train,rooftop_actor_sequence_a
image431.jpg,test,grp_rooftop_a,train,rooftop_actor_sequence_a
image432.jpg,train,grp_rooftop_a,train,rooftop_actor_sequence_a
image433.jpg,train,grp_rooftop_a,train,rooftop_actor_sequence_a
image434.jpg,train,grp_rooftop_a,train,rooftop_actor_sequence_a
image435.jpg,train,grp_rooftop_a,train,rooftop_actor_sequence_a
image436.jpg,train,grp_rooftop_a,train,rooftop_actor_sequence_a
image437.jpg,train,grp_rooftop_a,train,rooftop_actor_sequence_a
image438.jpg,train,grp_rooftop_a,train,rooftop_actor_sequence_a
image439.jpeg,val,grp_scene_0439,train,general_construction_scene
image440.jpg,train,grp_scene_0440,val,general_construction_scene
image441.jpg,test,grp_scene_0441,train,general_construction_scene
image442.jpg,train,grp_scene_0442,train,general_construction_scene
image443.jpg,train,grp_scene_0443,train,general_construction_scene
image444.jpg,test,grp_scene_0444,train,general_construction_scene
image445.jpg,train,grp_scene_0445,train,general_construction_scene
image446.jpg,val,grp_scene_0446,train,general_construction_scene
image447.jpg,train,grp_scene_0447,test,general_construction_scene
image448.jpg,train,grp_scene_0448,train,general_construction_scene
image449.jpg,train,grp_scene_0449,train,general_construction_scene
image450.jpg,test,grp_scene_0450,val,general_construction_scene
image451.jpg,train,grp_scene_0451,train,general_construction_scene
image452.jpg,train,grp_scene_0452,train,general_construction_scene
image453.jpg,train,grp_scene_0453,train,general_construction_scene
image454.jpg,train,grp_scene_0454,train,general_construction_scene
image455.jpg,train,grp_scene_0455,train,general_construction_scene
image456.jpg,train,grp_scene_0456,train,general_construction_scene
image457.jpg,train,grp_scene_0457,test,general_construction_scene
image458.jpg,train,grp_scene_0458,train,general_construction_scene
image459.jpg,test,grp_rooftop_a,train,rooftop_actor_sequence_a
image460.jpg,test,grp_rooftop_a,train,rooftop_actor_sequence_a
image461.jpg,train,grp_rooftop_a,train,rooftop_actor_sequence_a
image462.jpg,test,grp_rooftop_a,train,rooftop_actor_sequence_a
image463.jpg,train,grp_rooftop_a,train,rooftop_actor_sequence_a
image464.jpg,val,grp_rooftop_a,train,rooftop_actor_sequence_a
image465.jpg,train,grp_rooftop_a,train,rooftop_actor_sequence_a
image466.jpg,train,grp_scene_0466,train,general_construction_scene
image467.jpg,train,grp_scene_0467,test,general_construction_scene
image468.jpg,train,grp_scene_0468,train,general_construction_scene
image469.jpg,train,grp_scene_0469,train,general_construction_scene
image470.jpeg,test,grp_scene_0470,val,general_construction_scene
image471.jpg,train,grp_scene_0471,train,general_construction_scene
image472.jpg,train,grp_scene_0472,train,general_construction_scene
image473.jpg,train,grp_scene_0473,train,general_construction_scene
image474.jpeg,train,grp_scene_0474,train,general_construction_scene
image475.jpg,train,grp_scene_0475,train,general_construction_scene
image476.jpg,train,grp_scene_0476,train,general_construction_scene
image477.jpg,train,grp_scene_0477,test,general_construction_scene
image478.jpg,train,grp_scene_0478,train,general_construction_scene
image479.jpg,train,grp_scene_0479,train,general_construction_scene
image480.jpg,train,grp_rooftop_a,train,rooftop_actor_sequence_a
image481.jpg,test,grp_rooftop_a,train,rooftop_actor_sequence_a
image482.jpg,train,grp_rooftop_a,train,rooftop_actor_sequence_a
image483.jpg,train,grp_rooftop_a,train,rooftop_actor_sequence_a
image484.jpg,test,grp_rooftop_a,train,rooftop_actor_sequence_a
image485.jpg,train,grp_rooftop_a,train,rooftop_actor_sequence_a
image486.jpg,train,grp_rooftop_a,train,rooftop_actor_sequence_a
image487.jpg,val,grp_rooftop_a,train,rooftop_actor_sequence_a
image488.jpg,train,grp_rooftop_a,train,rooftop_actor_sequence_a
image489.jpg,train,grp_rooftop_a,train,rooftop_actor_sequence_a
image490.jpg,train,grp_rooftop_a,train,rooftop_actor_sequence_a
image491.jpg,train,grp_rooftop_a,train,rooftop_actor_sequence_a
image492.jpg,train,grp_rooftop_a,train,rooftop_actor_sequence_a
image493.jpg,train,grp_rooftop_a,train,rooftop_actor_sequence_a
image494.jpg,train,grp_rooftop_a,train,rooftop_actor_sequence_a
image495.jpg,train,grp_rooftop_a,train,rooftop_actor_sequence_a
image496.jpg,train,grp_rooftop_a,train,rooftop_actor_sequence_a
image497.jpg,train,grp_rooftop_a,train,rooftop_actor_sequence_a
image498.jpg,train,grp_rooftop_a,train,rooftop_actor_sequence_a
image499.jpg,train,grp_rooftop_a,train,rooftop_actor_sequence_a
image500.jpg,train,grp_rooftop_a,train,rooftop_actor_sequence_a
image501.jpg,train,grp_rooftop_a,train,rooftop_actor_sequence_a
image502.jpg,test,grp_rooftop_a,train,rooftop_actor_sequence_a
image503.jpg,train,grp_rooftop_a,train,rooftop_actor_sequence_a
image504.jpg,train,grp_rooftop_a,train,rooftop_actor_sequence_a
image505.jpg,val,grp_rooftop_a,train,rooftop_actor_sequence_a
image506.jpg,train,grp_rooftop_a,train,rooftop_actor_sequence_a
image507.jpg,train,grp_rooftop_a,train,rooftop_actor_sequence_a
image508.jpg,val,grp_rooftop_a,train,rooftop_actor_sequence_a
image509.jpg,train,grp_rooftop_a,train,rooftop_actor_sequence_a
image510.jpg,train,grp_rooftop_a,train,rooftop_actor_sequence_a
image511.jpg,train,grp_rooftop_a,train,rooftop_actor_sequence_a
image512.jpg,train,grp_rooftop_a,train,rooftop_actor_sequence_a
image513.jpg,train,grp_rooftop_a,train,rooftop_actor_sequence_a
image514.jpg,train,grp_rooftop_a,train,rooftop_actor_sequence_a
image515.jpg,train,grp_rooftop_a,train,rooftop_actor_sequence_a
image516.jpg,train,grp_rooftop_a,train,rooftop_actor_sequence_a
image517.jpg,test,grp_rooftop_a,train,rooftop_actor_sequence_a
image518.jpg,train,grp_rooftop_a,train,rooftop_actor_sequence_a
image519.jpg,train,grp_scene_0519,train,general_construction_scene
image520.jpg,train,grp_scene_0520,val,general_construction_scene
image521.jpeg,train,grp_scene_0521,train,general_construction_scene
image522.jpeg,train,grp_scene_0522,train,general_construction_scene
image523.jpg,train,grp_scene_0523,train,general_construction_scene
image524.jpeg,val,grp_scene_0524,train,general_construction_scene
image525.jpeg,train,grp_scene_0525,train,general_construction_scene
image526.jpg,train,grp_scene_0526,train,general_construction_scene
image527.jpg,train,grp_scene_0527,test,general_construction_scene
image528.jpg,train,grp_scene_0528,train,general_construction_scene
image529.jpg,train,grp_scene_0529,train,general_construction_scene
image530.jpg,train,grp_scene_0530,val,general_construction_scene
image531.jpg,train,grp_scene_0531,train,general_construction_scene
image532.jpeg,val,grp_scene_0532,train,general_construction_scene
image533.jpg,test,grp_russian_railway,test,russian_railway_video_sequence
image534.jpg,train,grp_russian_railway,test,russian_railway_video_sequence
image535.jpg,test,grp_russian_railway,test,russian_railway_video_sequence
image536.jpg,test,grp_russian_railway,test,russian_railway_video_sequence
image537.jpg,test,grp_russian_railway,test,russian_railway_video_sequence
image538.jpg,test,grp_russian_railway,test,russian_railway_video_sequence
image539.jpg,train,grp_scene_0539,train,general_construction_scene
image540.jpg,train,grp_scene_0540,val,general_construction_scene
image541.jpg,test,grp_scene_0541,train,general_construction_scene
image542.jpg,train,grp_scene_0542,train,general_construction_scene
image543.jpg,train,grp_scene_0543,train,general_construction_scene
image544.jpg,train,grp_scene_0544,train,general_construction_scene
image545.jpg,train,grp_scene_0545,train,general_construction_scene
image546.jpg,train,grp_scene_0546,train,general_construction_scene
image547.jpg,val,grp_scene_0547,test,general_construction_scene
image548.jpg,test,grp_scene_0548,train,general_construction_scene
image549.jpg,train,grp_scene_0549,train,general_construction_scene
image550.jpg,test,grp_scene_0550,val,general_construction_scene
image551.jpg,train,grp_scene_0551,train,general_construction_scene
image552.jpg,train,grp_scene_0552,train,general_construction_scene
image553.jpg,train,grp_scene_0553,train,general_construction_scene
image554.jpg,train,grp_scene_0554,train,general_construction_scene
image555.jpg,train,grp_scene_0555,train,general_construction_scene
image556.jpg,train,grp_scene_0556,train,general_construction_scene
image557.jpg,train,grp_scene_0557,test,general_construction_scene
image558.jpg,train,grp_scene_0558,train,general_construction_scene
image559.jpg,train,grp_scene_0559,train,general_construction_scene
image560.jpg,train,grp_scene_0560,val,general_construction_scene
image561.jpg,train,grp_scene_0561,train,general_construction_scene
image562.jpg,train,grp_scene_0562,train,general_construction_scene
image563.jpg,train,grp_scene_0563,train,general_construction_scene
image564.jpg,train,grp_scene_0564,train,general_construction_scene
image565.jpg,train,grp_scene_0565,train,general_construction_scene
image566.jpg,train,grp_scene_0566,train,general_construction_scene
image567.jpg,train,grp_scene_0567,test,general_construction_scene
image568.jpg,train,grp_scene_0568,train,general_construction_scene
image569.jpg,train,grp_scene_0569,train,general_construction_scene
image570.jpg,train,grp_scene_0570,val,general_construction_scene
image571.jpg,train,grp_scene_0571,train,general_construction_scene
image572.jpg,train,grp_scene_0572,train,general_construction_scene
image573.jpg,val,grp_scene_0573,train,general_construction_scene
image574.jpg,train,grp_scene_0574,train,general_construction_scene
image575.jpg,train,grp_scene_0575,train,general_construction_scene
image576.jpg,val,grp_scene_0576,train,general_construction_scene
image577.jpg,train,grp_scene_0577,test,general_construction_scene
image578.jpg,train,grp_scene_0578,train,general_construction_scene
image579.jpg,train,grp_scene_0579,train,general_construction_scene
image580.jpg,train,grp_scene_0580,val,general_construction_scene
image581.jpg,train,grp_scene_0581,train,general_construction_scene
image582.jpg,train,grp_scene_0582,train,general_construction_scene
image583.jpg,train,grp_scene_0583,train,general_construction_scene
image584.jpg,train,grp_scene_0584,train,general_construction_scene
image585.jpg,test,grp_scene_0585,train,general_construction_scene
image586.jpg,train,grp_scene_0586,train,general_construction_scene
image587.jpg,train,grp_scene_0587,test,general_construction_scene
image588.jpg,train,grp_scene_0588,train,general_construction_scene
image589.jpg,train,grp_scene_0589,train,general_construction_scene
image590.jpg,train,grp_scene_0590,val,general_construction_scene
image591.jpg,train,grp_scene_0591,train,general_construction_scene
image592.jpg,train,grp_scene_0592,train,general_construction_scene
image593.jpg,train,grp_scene_0593,train,general_construction_scene
image594.jpg,train,grp_scene_0594,train,general_construction_scene
image595.jpg,train,grp_scene_0595,train,general_construction_scene
image596.jpg,train,grp_scene_0596,train,general_construction_scene
image597.jpeg,train,grp_scene_0597,test,general_construction_scene
image598.jpg,train,grp_scene_0598,train,general_construction_scene
image599.jpg,train,grp_scene_0599,train,general_construction_scene
image600.jpg,train,grp_russian_railway,test,russian_railway_video_sequence
image601.jpg,train,grp_russian_railway,test,russian_railway_video_sequence
image602.jpg,train,grp_russian_railway,test,russian_railway_video_sequence
image603.jpg,train,grp_russian_railway,test,russian_railway_video_sequence
image604.jpg,train,grp_russian_railway,test,russian_railway_video_sequence
image605.jpg,train,grp_russian_railway,test,russian_railway_video_sequence
image606.jpg,train,grp_russian_railway,test,russian_railway_video_sequence
image607.jpeg,val,grp_solar_panels,train,solar_panel_maintenance
image608.jpg,val,grp_scene_0608,train,general_construction_scene
image609.jpeg,train,grp_scene_0609,train,general_construction_scene
image610.jpg,train,grp_scene_0610,val,general_construction_scene
image611.jpg,test,grp_russian_railway,test,russian_railway_video_sequence
image612.jpg,test,grp_russian_railway,test,russian_railway_video_sequence
image613.jpg,train,grp_russian_railway,test,russian_railway_video_sequence
image614.jpg,train,grp_russian_railway,test,russian_railway_video_sequence
image615.jpg,val,grp_russian_railway,test,russian_railway_video_sequence
image616.jpg,test,grp_russian_railway,test,russian_railway_video_sequence
image617.jpg,train,grp_scene_0617,test,general_construction_scene
image618.jpg,train,grp_scene_0618,train,general_construction_scene
image619.jpeg,test,grp_scene_0619,train,general_construction_scene
image620.jpg,train,grp_scene_0620,val,general_construction_scene
image621.jpg,train,grp_scene_0621,train,general_construction_scene
image622.jpg,train,grp_scene_0622,train,general_construction_scene
image623.jpg,train,grp_scene_0623,train,general_construction_scene
image624.jpg,train,grp_scene_0624,train,general_construction_scene
image625.jpg,train,grp_scene_0625,train,general_construction_scene
image626.jpg,train,grp_scene_0626,train,general_construction_scene
image627.jpg,val,grp_scene_0627,test,general_construction_scene
image628.jpg,val,grp_scene_0628,train,general_construction_scene
image629.jpg,train,grp_scene_0629,train,general_construction_scene
image630.jpg,train,grp_scene_0630,val,general_construction_scene
image631.jpeg,train,grp_scene_0631,train,general_construction_scene
image632.jpg,train,grp_scene_0632,train,general_construction_scene
image633.jpg,test,grp_scene_0633,train,general_construction_scene
image634.jpg,train,grp_scene_0634,train,general_construction_scene
image635.jpg,train,grp_scene_0635,train,general_construction_scene
image636.jpg,train,grp_scene_0636,train,general_construction_scene
image637.jpg,train,grp_scene_0637,test,general_construction_scene
image638.jpg,train,grp_scene_0638,train,general_construction_scene
image639.jpg,train,grp_scene_0639,train,general_construction_scene
image640.jpg,val,grp_scene_0640,val,general_construction_scene
image641.jpg,train,grp_scene_0641,train,general_construction_scene
image642.jpeg,train,grp_scene_0642,train,general_construction_scene
image643.jpg,train,grp_scene_0643,train,general_construction_scene
image644.jpg,val,grp_scene_0644,train,general_construction_scene
image645.jpg,train,grp_scene_0645,train,general_construction_scene
image646.jpg,train,grp_scene_0646,train,general_construction_scene
image647.jpg,train,grp_scene_0647,test,general_construction_scene
image648.jpg,train,grp_scene_0648,train,general_construction_scene
image649.jpg,train,grp_scene_0649,train,general_construction_scene
image650.jpg,train,grp_scene_0650,val,general_construction_scene
image651.jpg,train,grp_scene_0651,train,general_construction_scene
image652.jpg,train,grp_scene_0652,train,general_construction_scene
image653.jpeg,train,grp_scene_0653,train,general_construction_scene
image654.jpg,val,grp_scene_0654,train,general_construction_scene
image655.jpg,train,grp_scene_0655,train,general_construction_scene
image656.jpg,val,grp_scene_0656,train,general_construction_scene
image657.jpg,train,grp_scene_0657,test,general_construction_scene
image658.jpg,train,grp_scene_0658,train,general_construction_scene
image659.jpg,train,grp_scene_0659,train,general_construction_scene
image660.jpg,val,grp_scene_0660,val,general_construction_scene
image661.jpg,train,grp_scene_0661,train,general_construction_scene
image662.jpg,train,grp_scene_0662,train,general_construction_scene
image663.jpg,train,grp_scene_0663,train,general_construction_scene
image664.jpeg,train,grp_scene_0664,train,general_construction_scene
image665.jpg,train,grp_scene_0665,train,general_construction_scene
image666.jpg,val,grp_scene_0666,train,general_construction_scene
image667.jpg,train,grp_scene_0667,test,general_construction_scene
image668.jpg,train,grp_scene_0668,train,general_construction_scene
image669.jpg,val,grp_scene_0669,train,general_construction_scene
image670.jpg,val,grp_scene_0670,val,general_construction_scene
image671.jpeg,train,grp_scene_0671,train,general_construction_scene
image672.jpg,train,grp_scene_0672,train,general_construction_scene
image673.jpg,train,grp_scene_0673,train,general_construction_scene
image674.jpg,val,grp_scene_0674,train,general_construction_scene
image675.jpg,train,grp_scene_0675,train,general_construction_scene
image676.jpg,train,grp_scene_0676,train,general_construction_scene
image677.jpeg,train,grp_scene_0677,test,general_construction_scene
image678.jpg,train,grp_scene_0678,train,general_construction_scene
image679.jpeg,train,grp_scene_0679,train,general_construction_scene
image680.jpg,val,grp_scene_0680,val,general_construction_scene
image681.jpg,train,grp_scene_0681,train,general_construction_scene
image682.jpeg,train,grp_scene_0682,train,general_construction_scene
image683.jpg,train,grp_scene_0683,train,general_construction_scene
image684.jpg,train,grp_scene_0684,train,general_construction_scene
image685.jpg,train,grp_scene_0685,train,general_construction_scene
image686.jpeg,val,grp_scene_0686,train,general_construction_scene
image687.jpg,train,grp_scene_0687,test,general_construction_scene
image688.jpeg,train,grp_scene_0688,train,general_construction_scene
image689.jpg,train,grp_scene_0689,train,general_construction_scene
image690.jpg,train,grp_scene_0690,val,general_construction_scene
image691.jpeg,train,grp_scene_0691,train,general_construction_scene
image692.jpg,train,grp_scene_0692,train,general_construction_scene
image693.jpg,train,grp_scene_0693,train,general_construction_scene
image694.jpeg,test,grp_scene_0694,train,general_construction_scene
image695.jpg,train,grp_scene_0695,train,general_construction_scene
image696.jpg,test,grp_scene_0696,train,general_construction_scene
image697.jpeg,train,grp_scene_0697,test,general_construction_scene
image698.jpg,val,grp_scene_0698,train,general_construction_scene
image699.jpg,train,grp_scene_0699,train,general_construction_scene
image700.jpeg,test,grp_scene_0700,val,general_construction_scene
image701.jpg,train,grp_scene_0701,train,general_construction_scene
image702.jpg,train,grp_scene_0702,train,general_construction_scene
image703.jpeg,train,grp_scene_0703,train,general_construction_scene
image704.jpg,train,grp_scene_0704,train,general_construction_scene
image705.jpg,val,grp_scene_0705,train,general_construction_scene
image706.jpeg,train,grp_scene_0706,train,general_construction_scene
image707.jpg,train,grp_scene_0707,test,general_construction_scene
image708.jpg,test,grp_scene_0708,train,general_construction_scene
image709.jpg,val,grp_scene_0709,train,general_construction_scene
image710.jpeg,train,grp_scene_0710,val,general_construction_scene
image711.jpg,train,grp_scene_0711,train,general_construction_scene
image712.jpg,train,grp_scene_0712,train,general_construction_scene
image713.jpg,train,grp_scene_0713,train,general_construction_scene
image714.jpeg,test,grp_scene_0714,train,general_construction_scene
image715.jpg,train,grp_scene_0715,train,general_construction_scene
image716.jpg,train,grp_scene_0716,train,general_construction_scene
image717.jpeg,train,grp_scene_0717,test,general_construction_scene
image718.jpg,test,grp_scene_0718,train,general_construction_scene
image719.jpg,val,grp_scene_0719,train,general_construction_scene
image720.jpeg,train,grp_scene_0720,val,general_construction_scene
image721.jpg,train,grp_scene_0721,train,general_construction_scene
image722.jpeg,test,grp_scene_0722,train,general_construction_scene
image723.jpg,train,grp_scene_0723,train,general_construction_scene
image724.jpg,train,grp_scene_0724,train,general_construction_scene
image725.jpg,train,grp_scene_0725,train,general_construction_scene
image726.jpeg,train,grp_scene_0726,train,general_construction_scene
image727.jpg,train,grp_scene_0727,test,general_construction_scene
image728.jpeg,train,grp_scene_0728,train,general_construction_scene
image729.jpg,train,grp_scene_0729,train,general_construction_scene
image730.jpg,train,grp_scene_0730,val,general_construction_scene
image731.jpg,train,grp_scene_0731,train,general_construction_scene
image732.jpg,train,grp_scene_0732,train,general_construction_scene
image733.jpg,train,grp_scene_0733,train,general_construction_scene
image734.jpeg,train,grp_scene_0734,train,general_construction_scene
image735.jpg,train,grp_scene_0735,train,general_construction_scene
image736.jpg,train,grp_scene_0736,train,general_construction_scene
image737.jpg,train,grp_scene_0737,test,general_construction_scene
image738.jpg,train,grp_scene_0738,train,general_construction_scene
image739.jpeg,test,grp_scene_0739,train,general_construction_scene
image740.jpg,train,grp_scene_0740,val,general_construction_scene
image741.jpg,train,grp_scene_0741,train,general_construction_scene
image742.jpeg,val,grp_scene_0742,train,general_construction_scene
image743.jpg,train,grp_scene_0743,train,general_construction_scene
image744.jpg,train,grp_scene_0744,train,general_construction_scene
image745.jpg,train,grp_scene_0745,train,general_construction_scene
image746.jpg,train,grp_scene_0746,train,general_construction_scene
image747.jpg,train,grp_scene_0747,test,general_construction_scene
image748.jpeg,train,grp_scene_0748,train,general_construction_scene
image749.jpg,val,grp_scene_0749,train,general_construction_scene
image750.jpg,train,grp_scene_0750,val,general_construction_scene
image751.jpg,train,grp_scene_0751,train,general_construction_scene
image752.jpg,train,grp_scene_0752,train,general_construction_scene
image753.jpg,train,grp_scene_0753,train,general_construction_scene
image754.jpg,train,grp_scene_0754,train,general_construction_scene
image755.jpg,train,grp_scene_0755,train,general_construction_scene
image756.jpeg,train,grp_scene_0756,train,general_construction_scene
image757.jpg,train,grp_scene_0757,test,general_construction_scene
image758.jpg,test,grp_scene_0758,train,general_construction_scene
image759.jpg,val,grp_scene_0759,train,general_construction_scene
image760.jpg,train,grp_scene_0760,val,general_construction_scene
image761.jpg,train,grp_scene_0761,train,general_construction_scene
image762.jpg,val,grp_scene_0762,train,general_construction_scene
image763.jpg,val,grp_scene_0763,train,general_construction_scene
image764.jpg,train,grp_scene_0764,train,general_construction_scene
image765.jpg,train,grp_scene_0765,train,general_construction_scene
image766.jpeg,train,grp_scene_0766,train,general_construction_scene
image767.jpg,val,grp_scene_0767,test,general_construction_scene
image768.jpg,train,grp_rooftop_sunset_b,val,rooftop_sunset_sequence_b
image769.jpg,train,grp_rooftop_sunset_b,val,rooftop_sunset_sequence_b
image770.jpg,train,grp_rooftop_sunset_b,val,rooftop_sunset_sequence_b
image771.jpg,val,grp_rooftop_sunset_b,val,rooftop_sunset_sequence_b
image772.jpg,test,grp_rooftop_sunset_b,val,rooftop_sunset_sequence_b
image773.jpg,train,grp_rooftop_sunset_b,val,rooftop_sunset_sequence_b
image774.jpeg,train,grp_rooftop_sunset_b,val,rooftop_sunset_sequence_b
image775.jpg,train,grp_rooftop_sunset_b,val,rooftop_sunset_sequence_b
image776.jpg,train,grp_rooftop_sunset_b,val,rooftop_sunset_sequence_b
image777.jpg,train,grp_rooftop_sunset_b,val,rooftop_sunset_sequence_b
image778.jpg,train,grp_rooftop_sunset_b,val,rooftop_sunset_sequence_b
image779.jpg,test,grp_rooftop_sunset_b,val,rooftop_sunset_sequence_b
image780.jpg,train,grp_rooftop_sunset_b,val,rooftop_sunset_sequence_b
image781.jpg,train,grp_rooftop_sunset_b,val,rooftop_sunset_sequence_b
image782.jpg,train,grp_rooftop_sunset_b,val,rooftop_sunset_sequence_b
image783.jpeg,train,grp_rooftop_sunset_b,val,rooftop_sunset_sequence_b
image784.jpg,train,grp_rooftop_sunset_b,val,rooftop_sunset_sequence_b
image785.jpeg,train,grp_scene_0785,train,general_construction_scene
image786.jpg,train,grp_scene_0786,train,general_construction_scene
image787.jpg,test,grp_scene_0787,test,general_construction_scene
image788.jpg,train,grp_scene_0788,train,general_construction_scene
image789.jpg,train,grp_scene_0789,train,general_construction_scene
image790.jpg,train,grp_scene_0790,val,general_construction_scene
image791.jpg,train,grp_scene_0791,train,general_construction_scene
image792.jpg,train,grp_scene_0792,train,general_construction_scene
image793.jpg,train,grp_scene_0793,train,general_construction_scene
image794.jpg,train,grp_scene_0794,train,general_construction_scene
image795.jpeg,train,grp_scene_0795,train,general_construction_scene
image796.jpg,test,grp_scene_0796,train,general_construction_scene
image797.jpg,train,grp_scene_0797,test,general_construction_scene
image798.jpg,val,grp_scene_0798,train,general_construction_scene
image799.jpg,train,grp_scene_0799,train,general_construction_scene
image800.jpg,train,grp_scene_0800,val,general_construction_scene
image801.jpg,train,grp_scene_0801,train,general_construction_scene
image802.jpg,train,grp_scene_0802,train,general_construction_scene
image803.jpg,train,grp_scene_0803,train,general_construction_scene
image804.jpg,val,grp_scene_0804,train,general_construction_scene
image805.jpg,test,grp_deck_workers,test,deck_concrete_formwork_scene
image806.jpg,train,grp_fall_incident,train,fall_incident_ground_scene
image807.jpeg,train,grp_scene_0807,test,general_construction_scene
image808.jpg,val,grp_hardhat_impact_booth,val,safety_impact_booth_scene
image809.jpg,train,grp_scene_0809,train,general_construction_scene
image810.jpg,test,grp_rebar_work,test,rebar_ironwork_scene
image811.jpg,train,grp_scene_0811,train,general_construction_scene
image812.jpg,train,grp_scene_0812,train,general_construction_scene
image813.jpg,train,grp_scene_0813,train,general_construction_scene
image814.jpg,train,grp_scene_0814,train,general_construction_scene
image815.jpg,train,grp_scene_0815,train,general_construction_scene
image816.jpg,train,grp_scene_0816,train,general_construction_scene
image817.jpg,train,grp_scene_0817,test,general_construction_scene
image818.jpeg,train,grp_scene_0818,train,general_construction_scene
image819.jpg,train,grp_scene_0819,train,general_construction_scene
image820.jpg,train,grp_lobby_tryon,train,showroom_lobby_tryon_sequence
image821.jpg,train,grp_lobby_tryon,train,showroom_lobby_tryon_sequence
image822.jpg,train,grp_lobby_tryon,train,showroom_lobby_tryon_sequence
image823.jpg,train,grp_lobby_tryon,train,showroom_lobby_tryon_sequence
image824.jpg,val,grp_lobby_tryon,train,showroom_lobby_tryon_sequence
image825.jpg,test,grp_lobby_tryon,train,showroom_lobby_tryon_sequence
image826.jpg,val,grp_lobby_tryon,train,showroom_lobby_tryon_sequence
image827.jpg,train,grp_lobby_tryon,train,showroom_lobby_tryon_sequence
image828.jpg,train,grp_lobby_tryon,train,showroom_lobby_tryon_sequence
image829.jpg,train,grp_lobby_tryon,train,showroom_lobby_tryon_sequence
image830.jpeg,train,grp_lobby_tryon,train,showroom_lobby_tryon_sequence
image831.jpg,train,grp_lobby_tryon,train,showroom_lobby_tryon_sequence
image832.jpg,train,grp_lobby_tryon,train,showroom_lobby_tryon_sequence
image833.jpg,train,grp_lobby_tryon,train,showroom_lobby_tryon_sequence
image834.jpg,test,grp_lobby_tryon,train,showroom_lobby_tryon_sequence
image835.jpg,train,grp_lobby_tryon,train,showroom_lobby_tryon_sequence
image836.jpg,train,grp_lobby_tryon,train,showroom_lobby_tryon_sequence
image837.jpg,train,grp_lobby_tryon,train,showroom_lobby_tryon_sequence
image838.jpg,train,grp_lobby_tryon,train,showroom_lobby_tryon_sequence
image839.jpg,train,grp_lobby_tryon,train,showroom_lobby_tryon_sequence
image840.jpeg,train,grp_vietnam_road,val,vietnam_road_work_sequence
image841.jpg,train,grp_vietnam_road,val,vietnam_road_work_sequence
image842.jpg,train,grp_vietnam_road,val,vietnam_road_work_sequence
image843.jpg,train,grp_vietnam_road,val,vietnam_road_work_sequence
image844.jpg,train,grp_vietnam_road,val,vietnam_road_work_sequence
image845.jpg,train,grp_vietnam_road,val,vietnam_road_work_sequence
image846.jpg,test,grp_vietnam_road,val,vietnam_road_work_sequence
image847.jpeg,train,grp_vietnam_road,val,vietnam_road_work_sequence
image848.jpg,train,grp_vietnam_road,val,vietnam_road_work_sequence
image849.jpg,train,grp_vietnam_road,val,vietnam_road_work_sequence
image850.jpg,train,grp_rooftop_a,train,rooftop_actor_sequence_a
image851.jpg,train,grp_rooftop_a,train,rooftop_actor_sequence_a
image852.jpeg,val,grp_scene_0852,train,general_construction_scene
image853.jpg,train,grp_rooftop_a,train,rooftop_actor_sequence_a
image854.jpg,train,grp_rooftop_a,train,rooftop_actor_sequence_a
image855.jpg,train,grp_rooftop_a,train,rooftop_actor_sequence_a
image856.jpg,train,grp_rooftop_a,train,rooftop_actor_sequence_a
image857.jpg,train,grp_rooftop_a,train,rooftop_actor_sequence_a
image858.jpeg,train,grp_scene_0858,train,general_construction_scene
image859.jpg,train,grp_rooftop_a,train,rooftop_actor_sequence_a
image860.jpg,test,grp_rooftop_a,train,rooftop_actor_sequence_a
image861.jpg,train,grp_rooftop_a,train,rooftop_actor_sequence_a
image862.jpg,train,grp_rooftop_a,train,rooftop_actor_sequence_a
image863.jpg,train,grp_rooftop_a,train,rooftop_actor_sequence_a
image864.jpg,train,grp_rooftop_a,train,rooftop_actor_sequence_a
image865.jpeg,train,grp_scene_0865,train,general_construction_scene
image866.jpg,train,grp_rooftop_a,train,rooftop_actor_sequence_a
image867.jpg,val,grp_rooftop_a,train,rooftop_actor_sequence_a
image868.jpg,val,grp_rooftop_a,train,rooftop_actor_sequence_a
image869.jpg,train,grp_rooftop_a,train,rooftop_actor_sequence_a
image870.jpg,train,grp_rooftop_a,train,rooftop_actor_sequence_a
image871.jpg,train,grp_rooftop_a,train,rooftop_actor_sequence_a
image872.jpg,train,grp_rooftop_a,train,rooftop_actor_sequence_a
image873.jpeg,train,grp_scene_0873,test,general_construction_scene
image874.jpeg,train,grp_scene_0874,train,general_construction_scene
image875.jpg,train,grp_rooftop_a,train,rooftop_actor_sequence_a
image876.jpg,val,grp_rooftop_a,train,rooftop_actor_sequence_a
image877.jpg,train,grp_rooftop_a,train,rooftop_actor_sequence_a
image878.jpg,train,grp_rooftop_a,train,rooftop_actor_sequence_a
image879.jpg,train,grp_rooftop_a,train,rooftop_actor_sequence_a
image880.jpg,train,grp_rooftop_a,train,rooftop_actor_sequence_a
image881.jpg,train,grp_rooftop_a,train,rooftop_actor_sequence_a
image882.jpg,train,grp_rooftop_a,train,rooftop_actor_sequence_a
image883.jpg,train,grp_rooftop_a,train,rooftop_actor_sequence_a
image884.jpg,test,grp_rooftop_a,train,rooftop_actor_sequence_a
image885.jpg,val,grp_rooftop_a,train,rooftop_actor_sequence_a
image886.jpeg,train,grp_scene_0886,train,general_construction_scene
image887.jpg,train,grp_rooftop_a,train,rooftop_actor_sequence_a
image888.jpg,train,grp_rooftop_a,train,rooftop_actor_sequence_a
image889.jpg,train,grp_rooftop_a,train,rooftop_actor_sequence_a
image890.jpg,train,grp_rooftop_a,train,rooftop_actor_sequence_a
image891.jpg,train,grp_rooftop_a,train,rooftop_actor_sequence_a
image892.jpg,train,grp_rooftop_a,train,rooftop_actor_sequence_a
image893.jpg,train,grp_rooftop_a,train,rooftop_actor_sequence_a
image894.jpg,train,grp_rooftop_a,train,rooftop_actor_sequence_a
image895.jpg,train,grp_rooftop_a,train,rooftop_actor_sequence_a
image896.jpg,val,grp_rooftop_a,train,rooftop_actor_sequence_a
image897.jpeg,val,grp_scene_0897,test,general_construction_scene
image898.jpg,train,grp_rooftop_a,train,rooftop_actor_sequence_a
image899.jpg,train,grp_rooftop_a,train,rooftop_actor_sequence_a
image900.jpg,train,grp_rooftop_a,train,rooftop_actor_sequence_a
image901.jpg,train,grp_rooftop_a,train,rooftop_actor_sequence_a
image902.jpg,train,grp_rooftop_a,train,rooftop_actor_sequence_a
image903.jpg,train,grp_rooftop_a,train,rooftop_actor_sequence_a
image904.jpg,train,grp_rooftop_a,train,rooftop_actor_sequence_a
image905.jpg,test,grp_rooftop_a,train,rooftop_actor_sequence_a
image906.jpg,train,grp_rooftop_a,train,rooftop_actor_sequence_a
image907.jpeg,train,grp_scene_0907,test,general_construction_scene
image908.jpg,train,grp_rooftop_a,train,rooftop_actor_sequence_a
image909.jpg,train,grp_rooftop_a,train,rooftop_actor_sequence_a
image910.jpg,test,grp_rooftop_a,train,rooftop_actor_sequence_a
image911.jpg,train,grp_rooftop_a,train,rooftop_actor_sequence_a
image912.jpg,train,grp_rooftop_a,train,rooftop_actor_sequence_a
image913.jpg,test,grp_rooftop_a,train,rooftop_actor_sequence_a
image914.jpeg,train,grp_scene_0914,train,general_construction_scene
image915.jpg,train,grp_scene_0915,train,general_construction_scene
image916.jpg,train,grp_scene_0916,train,general_construction_scene
image917.jpg,train,grp_scene_0917,test,general_construction_scene
image918.jpg,train,grp_scene_0918,train,general_construction_scene
image919.jpeg,train,grp_scene_0919,train,general_construction_scene
image920.jpg,train,grp_scene_0920,val,general_construction_scene
image921.jpg,test,grp_scene_0921,train,general_construction_scene
image922.jpg,test,grp_scene_0922,train,general_construction_scene
image923.jpg,test,grp_scene_0923,train,general_construction_scene
image924.jpeg,train,grp_scene_0924,train,general_construction_scene
image925.jpg,train,grp_scene_0925,train,general_construction_scene
image926.jpg,train,grp_scene_0926,train,general_construction_scene
image927.jpg,test,grp_scene_0927,test,general_construction_scene
image928.jpg,train,grp_scene_0928,train,general_construction_scene
image929.jpg,train,grp_scene_0929,train,general_construction_scene
image930.jpeg,train,grp_scene_0930,val,general_construction_scene
image931.jpg,train,grp_scene_0931,train,general_construction_scene
image932.jpg,train,grp_scene_0932,train,general_construction_scene
image933.jpg,val,grp_scene_0933,train,general_construction_scene
image934.jpg,test,grp_scene_0934,train,general_construction_scene
image935.jpg,test,grp_scene_0935,train,general_construction_scene
image936.jpg,train,grp_scene_0936,train,general_construction_scene
image937.jpg,train,grp_scene_0937,test,general_construction_scene
image938.jpg,train,grp_scene_0938,train,general_construction_scene
image939.jpeg,train,grp_scene_0939,train,general_construction_scene
image940.jpg,train,grp_scene_0940,val,general_construction_scene
image941.jpg,train,grp_scene_0941,train,general_construction_scene
image942.jpg,val,grp_scene_0942,train,general_construction_scene
image943.jpg,test,grp_scene_0943,train,general_construction_scene
image944.jpg,train,grp_scene_0944,train,general_construction_scene
image945.jpg,train,grp_scene_0945,train,general_construction_scene
image946.jpg,train,grp_scene_0946,train,general_construction_scene
image947.jpg,train,grp_scene_0947,test,general_construction_scene
image948.jpg,train,grp_scene_0948,train,general_construction_scene
image949.jpg,train,grp_scene_0949,train,general_construction_scene
image950.jpeg,train,grp_scene_0950,val,general_construction_scene
image951.jpg,train,grp_scene_0951,train,general_construction_scene
image952.jpg,train,grp_scene_0952,train,general_construction_scene
image953.jpg,train,grp_scene_0953,train,general_construction_scene
image954.jpg,train,grp_scene_0954,train,general_construction_scene
image955.jpg,val,grp_scene_0955,train,general_construction_scene
image956.jpg,test,grp_scene_0956,train,general_construction_scene
image957.jpg,train,grp_scene_0957,test,general_construction_scene
image958.jpg,train,grp_scene_0958,train,general_construction_scene
image959.jpg,train,grp_scene_0959,train,general_construction_scene
image960.jpg,train,grp_scene_0960,val,general_construction_scene
image961.jpeg,val,grp_scene_0961,train,general_construction_scene
image962.jpg,train,grp_scene_0962,train,general_construction_scene
image963.jpeg,train,grp_scene_0963,train,general_construction_scene
image964.jpg,train,grp_scene_0964,train,general_construction_scene
image965.jpg,test,grp_scene_0965,train,general_construction_scene
image966.jpg,train,grp_scene_0966,train,general_construction_scene
image967.jpg,train,grp_scene_0967,test,general_construction_scene
image968.jpg,train,grp_scene_0968,train,general_construction_scene
image969.jpg,train,grp_scene_0969,train,general_construction_scene
image970.jpeg,train,grp_cinderblock_masonry,test,cinderblock_masonry_photoshoot
image971.jpg,train,grp_rooftop_a,train,rooftop_actor_sequence_a
image972.jpg,train,grp_rooftop_a,train,rooftop_actor_sequence_a
image973.jpg,train,grp_rooftop_a,train,rooftop_actor_sequence_a
image974.jpg,train,grp_rooftop_a,train,rooftop_actor_sequence_a
image975.jpg,train,grp_rooftop_a,train,rooftop_actor_sequence_a
image976.jpeg,train,grp_cinderblock_masonry,test,cinderblock_masonry_photoshoot
image977.jpg,train,grp_rooftop_a,train,rooftop_actor_sequence_a
image978.jpg,train,grp_rooftop_a,train,rooftop_actor_sequence_a
image979.jpg,test,grp_rooftop_a,train,rooftop_actor_sequence_a
image980.jpg,train,grp_rooftop_a,train,rooftop_actor_sequence_a
image981.jpeg,val,grp_scene_0981,train,general_construction_scene
image982.jpg,train,grp_rooftop_a,train,rooftop_actor_sequence_a
image983.jpg,train,grp_rooftop_a,train,rooftop_actor_sequence_a
image984.jpg,train,grp_rooftop_a,train,rooftop_actor_sequence_a
image985.jpg,train,grp_rooftop_a,train,rooftop_actor_sequence_a
image986.jpg,train,grp_rooftop_a,train,rooftop_actor_sequence_a
image987.jpg,test,grp_rooftop_a,train,rooftop_actor_sequence_a
image988.jpeg,train,grp_cinderblock_masonry,test,cinderblock_masonry_photoshoot
image989.jpg,val,grp_rooftop_a,train,rooftop_actor_sequence_a
image990.jpg,train,grp_rooftop_a,train,rooftop_actor_sequence_a
image991.jpg,train,grp_rooftop_a,train,rooftop_actor_sequence_a
image992.jpg,train,grp_rooftop_a,train,rooftop_actor_sequence_a
image993.jpg,train,grp_rooftop_a,train,rooftop_actor_sequence_a
image994.jpg,train,grp_rooftop_a,train,rooftop_actor_sequence_a
image995.jpg,train,grp_rooftop_a,train,rooftop_actor_sequence_a
image996.jpg,train,grp_rooftop_a,train,rooftop_actor_sequence_a
image997.jpg,val,grp_rooftop_a,train,rooftop_actor_sequence_a
image998.jpg,train,grp_rooftop_a,train,rooftop_actor_sequence_a
image999.jpg,test,grp_rooftop_a,train,rooftop_actor_sequence_a
image1000.jpeg,train,grp_cinderblock_masonry,test,cinderblock_masonry_photoshoot
image1001.jpg,train,grp_rooftop_a,train,rooftop_actor_sequence_a
image1002.jpg,train,grp_rooftop_a,train,rooftop_actor_sequence_a
image1003.jpg,test,grp_rooftop_a,train,rooftop_actor_sequence_a
image1004.jpg,train,grp_rooftop_a,train,rooftop_actor_sequence_a
image1005.jpeg,train,grp_rooftop_a,train,rooftop_actor_sequence_a
image1006.jpg,train,grp_rooftop_a,train,rooftop_actor_sequence_a
image1007.jpg,test,grp_rooftop_a,train,rooftop_actor_sequence_a
image1008.jpeg,train,grp_cinderblock_masonry,test,cinderblock_masonry_photoshoot
image1009.jpg,test,grp_rooftop_a,train,rooftop_actor_sequence_a
image1010.jpg,val,grp_rooftop_a,train,rooftop_actor_sequence_a
image1011.jpg,train,grp_rooftop_a,train,rooftop_actor_sequence_a
image1012.jpg,train,grp_rooftop_a,train,rooftop_actor_sequence_a
image1013.jpg,train,grp_rooftop_a,train,rooftop_actor_sequence_a
image1014.jpg,test,grp_rooftop_a,train,rooftop_actor_sequence_a
image1015.jpg,train,grp_rooftop_a,train,rooftop_actor_sequence_a
image1016.jpeg,train,grp_rooftop_a,train,rooftop_actor_sequence_a
image1017.jpg,train,grp_rooftop_a,train,rooftop_actor_sequence_a
image1018.jpg,train,grp_rooftop_a,train,rooftop_actor_sequence_a
image1019.jpg,test,grp_rooftop_a,train,rooftop_actor_sequence_a
image1020.jpg,train,grp_rooftop_a,train,rooftop_actor_sequence_a
image1021.jpg,train,grp_rooftop_a,train,rooftop_actor_sequence_a
image1022.jpg,train,grp_rooftop_a,train,rooftop_actor_sequence_a
image1023.jpg,test,grp_rooftop_a,train,rooftop_actor_sequence_a
image1024.jpeg,train,grp_rooftop_a,train,rooftop_actor_sequence_a
image1025.jpg,train,grp_rooftop_a,train,rooftop_actor_sequence_a
image1026.jpg,train,grp_rooftop_a,train,rooftop_actor_sequence_a
image1027.jpg,train,grp_rooftop_a,train,rooftop_actor_sequence_a
image1028.jpg,train,grp_rooftop_a,train,rooftop_actor_sequence_a
image1029.jpg,train,grp_rooftop_a,train,rooftop_actor_sequence_a
image1030.jpg,train,grp_rooftop_a,train,rooftop_actor_sequence_a
image1031.jpg,train,grp_rooftop_a,train,rooftop_actor_sequence_a
image1032.jpg,train,grp_rooftop_a,train,rooftop_actor_sequence_a
image1033.jpg,train,grp_rooftop_a,train,rooftop_actor_sequence_a
image1034.jpg,train,grp_rooftop_a,train,rooftop_actor_sequence_a
image1035.jpeg,train,grp_rooftop_a,train,rooftop_actor_sequence_a
image1036.jpg,train,grp_rooftop_a,train,rooftop_actor_sequence_a
image1037.jpeg,test,grp_cinderblock_masonry,test,cinderblock_masonry_photoshoot
image1038.jpg,train,grp_rooftop_a,train,rooftop_actor_sequence_a
image1039.jpg,train,grp_rooftop_a,train,rooftop_actor_sequence_a
image1040.jpg,train,grp_rooftop_a,train,rooftop_actor_sequence_a
image1041.jpg,train,grp_rooftop_a,train,rooftop_actor_sequence_a
image1042.jpg,train,grp_rooftop_a,train,rooftop_actor_sequence_a
image1043.jpg,train,grp_rooftop_a,train,rooftop_actor_sequence_a
image1044.jpg,train,grp_rooftop_a,train,rooftop_actor_sequence_a
image1045.jpg,train,grp_rooftop_a,train,rooftop_actor_sequence_a
image1046.jpeg,val,grp_cinderblock_masonry,test,cinderblock_masonry_photoshoot
image1047.jpg,train,grp_rooftop_a,train,rooftop_actor_sequence_a
image1048.jpg,train,grp_rooftop_a,train,rooftop_actor_sequence_a
image1049.jpg,val,grp_rooftop_a,train,rooftop_actor_sequence_a
image1050.jpg,train,grp_rooftop_a,train,rooftop_actor_sequence_a
image1051.jpeg,train,grp_rooftop_a,train,rooftop_actor_sequence_a
image1052.jpg,train,grp_rooftop_a,train,rooftop_actor_sequence_a
image1053.jpg,train,grp_rooftop_a,train,rooftop_actor_sequence_a
image1054.jpg,train,grp_rooftop_a,train,rooftop_actor_sequence_a
image1055.jpg,val,grp_rooftop_a,train,rooftop_actor_sequence_a
image1056.jpg,train,grp_rooftop_a,train,rooftop_actor_sequence_a
image1057.jpg,val,grp_rooftop_a,train,rooftop_actor_sequence_a
image1058.jpg,train,grp_rooftop_a,train,rooftop_actor_sequence_a
image1059.jpg,train,grp_rooftop_a,train,rooftop_actor_sequence_a
image1060.jpeg,train,grp_rooftop_a,train,rooftop_actor_sequence_a
image1061.jpg,train,grp_rooftop_a,train,rooftop_actor_sequence_a
image1062.jpg,train,grp_rooftop_a,train,rooftop_actor_sequence_a
image1063.jpg,train,grp_rooftop_a,train,rooftop_actor_sequence_a
image1064.jpg,train,grp_rooftop_a,train,rooftop_actor_sequence_a
image1065.jpg,test,grp_rooftop_a,train,rooftop_actor_sequence_a
image1066.jpg,train,grp_rooftop_a,train,rooftop_actor_sequence_a
image1067.jpg,train,grp_rooftop_a,train,rooftop_actor_sequence_a
image1068.jpg,train,grp_rooftop_a,train,rooftop_actor_sequence_a
image1069.jpeg,train,grp_rooftop_a,train,rooftop_actor_sequence_a
image1070.jpg,train,grp_rooftop_a,train,rooftop_actor_sequence_a
image1071.jpg,train,grp_rooftop_a,train,rooftop_actor_sequence_a
image1072.jpg,val,grp_rooftop_a,train,rooftop_actor_sequence_a
image1073.jpg,train,grp_rooftop_a,train,rooftop_actor_sequence_a
image1074.jpg,test,grp_rooftop_a,train,rooftop_actor_sequence_a
image1075.jpg,train,grp_rooftop_a,train,rooftop_actor_sequence_a
image1076.jpg,test,grp_rooftop_a,train,rooftop_actor_sequence_a
image1077.jpg,train,grp_rooftop_a,train,rooftop_actor_sequence_a
image1078.jpeg,train,grp_rooftop_a,train,rooftop_actor_sequence_a
image1079.jpg,train,grp_rooftop_a,train,rooftop_actor_sequence_a
image1080.jpg,train,grp_rooftop_a,train,rooftop_actor_sequence_a
image1081.jpg,train,grp_rooftop_a,train,rooftop_actor_sequence_a
image1082.jpg,train,grp_rooftop_a,train,rooftop_actor_sequence_a
image1083.jpg,val,grp_rooftop_a,train,rooftop_actor_sequence_a
image1084.jpg,train,grp_rooftop_a,train,rooftop_actor_sequence_a
image1085.jpg,val,grp_rooftop_a,train,rooftop_actor_sequence_a
image1086.jpg,train,grp_rooftop_a,train,rooftop_actor_sequence_a
image1087.jpg,train,grp_rooftop_a,train,rooftop_actor_sequence_a
image1088.jpg,test,grp_rooftop_a,train,rooftop_actor_sequence_a
image1089.jpg,test,grp_rooftop_a,train,rooftop_actor_sequence_a
image1090.jpeg,train,grp_scene_1090,val,general_construction_scene
image1091.jpg,val,grp_scene_1091,train,general_construction_scene
image1092.jpg,train,grp_scene_1092,train,general_construction_scene
image1093.jpg,train,grp_scene_1093,train,general_construction_scene
image1094.jpg,train,grp_scene_1094,train,general_construction_scene
image1095.jpg,train,grp_scene_1095,train,general_construction_scene
image1096.jpg,val,grp_scene_1096,train,general_construction_scene
image1097.jpg,train,grp_scene_1097,test,general_construction_scene
image1098.jpg,train,grp_scene_1098,train,general_construction_scene
image1099.jpg,train,grp_scene_1099,train,general_construction_scene
image1100.jpeg,train,grp_scene_1100,val,general_construction_scene
image1101.jpg,train,grp_scene_1101,train,general_construction_scene
image1102.jpg,train,grp_scene_1102,train,general_construction_scene
image1103.jpg,train,grp_scene_1103,train,general_construction_scene
image1104.jpg,train,grp_scene_1104,train,general_construction_scene
image1105.jpg,train,grp_scene_1105,train,general_construction_scene
image1106.jpg,train,grp_scene_1106,train,general_construction_scene
image1107.jpg,val,grp_scene_1107,test,general_construction_scene
image1108.jpg,train,grp_scene_1108,train,general_construction_scene
image1109.jpg,val,grp_scene_1109,train,general_construction_scene
image1110.jpeg,train,grp_scene_1110,val,general_construction_scene
image1111.jpg,test,grp_rooftop_a,train,rooftop_actor_sequence_a
image1112.jpg,train,grp_rooftop_a,train,rooftop_actor_sequence_a
image1113.jpg,train,grp_rooftop_a,train,rooftop_actor_sequence_a
image1114.jpg,test,grp_rooftop_a,train,rooftop_actor_sequence_a
image1115.jpg,train,grp_rooftop_a,train,rooftop_actor_sequence_a
image1116.jpg,train,grp_rooftop_a,train,rooftop_actor_sequence_a
image1117.jpg,train,grp_negatives_1117_1356,train,general_negative_scene
image1118.jpg,train,grp_negatives_1117_1356,train,general_negative_scene
image1119.jpg,train,grp_negatives_1117_1356,train,general_negative_scene
image1120.jpg,test,grp_negatives_1117_1356,train,general_negative_scene
image1121.jpg,val,grp_negatives_1117_1356,train,general_negative_scene
image1122.jpg,train,grp_negatives_1117_1356,train,general_negative_scene
image1123.jpg,train,grp_negatives_1117_1356,train,general_negative_scene
image1124.jpg,train,grp_negatives_1117_1356,train,general_negative_scene
image1125.jpg,test,grp_negatives_1117_1356,train,general_negative_scene
image1126.jpg,train,grp_negatives_1117_1356,train,general_negative_scene
image1127.jpg,train,grp_negatives_1117_1356,train,general_negative_scene
image1128.jpg,train,grp_negatives_1117_1356,train,general_negative_scene
image1129.jpg,val,grp_negatives_1117_1356,train,general_negative_scene
image1130.jpg,val,grp_negatives_1117_1356,train,general_negative_scene
image1131.jpg,train,grp_negatives_1117_1356,train,general_negative_scene
image1132.jpg,test,grp_negatives_1117_1356,train,general_negative_scene
image1133.jpg,test,grp_negatives_1117_1356,train,general_negative_scene
image1134.jpg,train,grp_negatives_1117_1356,train,general_negative_scene
image1135.jpg,train,grp_negatives_1117_1356,train,general_negative_scene
image1136.jpg,train,grp_negatives_1117_1356,train,general_negative_scene
image1137.jpg,val,grp_negatives_1117_1356,train,general_negative_scene
image1138.jpg,train,grp_negatives_1117_1356,train,general_negative_scene
image1139.jpg,test,grp_negatives_1117_1356,train,general_negative_scene
image1140.jpg,train,grp_negatives_1117_1356,train,general_negative_scene
image1141.jpg,train,grp_negatives_1117_1356,train,general_negative_scene
image1142.jpg,train,grp_negatives_1117_1356,train,general_negative_scene
image1143.jpg,train,grp_negatives_1117_1356,train,general_negative_scene
image1144.jpg,train,grp_negatives_1117_1356,train,general_negative_scene
image1145.jpg,test,grp_negatives_1117_1356,train,general_negative_scene
image1146.jpg,val,grp_negatives_1117_1356,train,general_negative_scene
image1147.jpg,train,grp_negatives_1117_1356,train,general_negative_scene
image1148.jpg,train,grp_negatives_1117_1356,train,general_negative_scene
image1149.jpg,train,grp_negatives_1117_1356,train,general_negative_scene
image1150.jpg,train,grp_negatives_1117_1356,train,general_negative_scene
image1151.jpg,val,grp_negatives_1117_1356,train,general_negative_scene
image1152.jpg,test,grp_negatives_1117_1356,train,general_negative_scene
image1153.jpg,train,grp_negatives_1117_1356,train,general_negative_scene
image1154.jpg,train,grp_negatives_1117_1356,train,general_negative_scene
image1155.jpg,train,grp_negatives_1117_1356,train,general_negative_scene
image1156.jpg,train,grp_negatives_1117_1356,train,general_negative_scene
image1157.jpg,train,grp_negatives_1117_1356,train,general_negative_scene
image1158.jpg,train,grp_negatives_1117_1356,train,general_negative_scene
image1159.jpg,train,grp_negatives_1117_1356,train,general_negative_scene
image1160.jpg,train,grp_negatives_1117_1356,train,general_negative_scene
image1161.jpg,train,grp_negatives_1117_1356,train,general_negative_scene
image1162.jpg,train,grp_negatives_1117_1356,train,general_negative_scene
image1163.jpg,train,grp_negatives_1117_1356,train,general_negative_scene
image1164.jpg,train,grp_negatives_1117_1356,train,general_negative_scene
image1165.jpg,train,grp_negatives_1117_1356,train,general_negative_scene
image1166.jpg,train,grp_negatives_1117_1356,train,general_negative_scene
image1167.jpg,train,grp_negatives_1117_1356,train,general_negative_scene
image1168.jpg,train,grp_negatives_1117_1356,train,general_negative_scene
image1169.jpg,train,grp_negatives_1117_1356,train,general_negative_scene
image1170.jpg,train,grp_negatives_1117_1356,train,general_negative_scene
image1171.jpg,train,grp_negatives_1117_1356,train,general_negative_scene
image1172.jpg,train,grp_negatives_1117_1356,train,general_negative_scene
image1173.jpg,train,grp_negatives_1117_1356,train,general_negative_scene
image1174.jpg,train,grp_negatives_1117_1356,train,general_negative_scene
image1175.jpg,train,grp_negatives_1117_1356,train,general_negative_scene
image1176.jpg,train,grp_negatives_1117_1356,train,general_negative_scene
image1177.jpg,train,grp_negatives_1117_1356,train,general_negative_scene
image1178.jpg,test,grp_negatives_1117_1356,train,general_negative_scene
image1179.jpg,train,grp_negatives_1117_1356,train,general_negative_scene
image1180.jpg,train,grp_negatives_1117_1356,train,general_negative_scene
image1181.jpg,train,grp_negatives_1117_1356,train,general_negative_scene
image1182.jpg,train,grp_negatives_1117_1356,train,general_negative_scene
image1183.jpg,val,grp_negatives_1117_1356,train,general_negative_scene
image1184.jpg,train,grp_negatives_1117_1356,train,general_negative_scene
image1185.jpg,train,grp_negatives_1117_1356,train,general_negative_scene
image1186.jpg,train,grp_negatives_1117_1356,train,general_negative_scene
image1187.jpg,train,grp_negatives_1117_1356,train,general_negative_scene
image1188.jpg,train,grp_negatives_1117_1356,train,general_negative_scene
image1189.jpg,train,grp_negatives_1117_1356,train,general_negative_scene
image1190.jpg,val,grp_negatives_1117_1356,train,general_negative_scene
image1191.jpg,train,grp_negatives_1117_1356,train,general_negative_scene
image1192.jpg,train,grp_negatives_1117_1356,train,general_negative_scene
image1193.jpg,val,grp_negatives_1117_1356,train,general_negative_scene
image1194.jpg,train,grp_negatives_1117_1356,train,general_negative_scene
image1195.jpg,train,grp_negatives_1117_1356,train,general_negative_scene
image1196.jpg,train,grp_negatives_1117_1356,train,general_negative_scene
image1197.jpg,train,grp_negatives_1117_1356,train,general_negative_scene
image1198.jpg,train,grp_negatives_1117_1356,train,general_negative_scene
image1199.jpg,train,grp_negatives_1117_1356,train,general_negative_scene
image1200.jpg,train,grp_negatives_1117_1356,train,general_negative_scene
image1201.jpg,train,grp_negatives_1117_1356,train,general_negative_scene
image1202.jpg,train,grp_negatives_1117_1356,train,general_negative_scene
image1203.jpg,val,grp_negatives_1117_1356,train,general_negative_scene
image1204.jpg,train,grp_negatives_1117_1356,train,general_negative_scene
image1205.jpg,test,grp_negatives_1117_1356,train,general_negative_scene
image1206.jpg,train,grp_negatives_1117_1356,train,general_negative_scene
image1207.jpg,train,grp_negatives_1117_1356,train,general_negative_scene
image1208.jpg,train,grp_negatives_1117_1356,train,general_negative_scene
image1209.jpg,train,grp_negatives_1117_1356,train,general_negative_scene
image1210.jpg,train,grp_negatives_1117_1356,train,general_negative_scene
image1211.jpg,val,grp_negatives_1117_1356,train,general_negative_scene
image1212.jpg,train,grp_negatives_1117_1356,train,general_negative_scene
image1213.jpg,train,grp_negatives_1117_1356,train,general_negative_scene
image1214.jpg,train,grp_negatives_1117_1356,train,general_negative_scene
image1215.jpg,val,grp_negatives_1117_1356,train,general_negative_scene
image1216.jpg,train,grp_negatives_1117_1356,train,general_negative_scene
image1217.jpg,val,grp_negatives_1117_1356,train,general_negative_scene
image1218.jpg,train,grp_negatives_1117_1356,train,general_negative_scene
image1219.jpg,train,grp_negatives_1117_1356,train,general_negative_scene
image1220.jpg,train,grp_negatives_1117_1356,train,general_negative_scene
image1221.jpg,train,grp_negatives_1117_1356,train,general_negative_scene
image1222.jpg,train,grp_negatives_1117_1356,train,general_negative_scene
image1223.jpg,val,grp_negatives_1117_1356,train,general_negative_scene
image1224.jpg,train,grp_negatives_1117_1356,train,general_negative_scene
image1225.jpg,train,grp_negatives_1117_1356,train,general_negative_scene
image1226.jpg,train,grp_negatives_1117_1356,train,general_negative_scene
image1227.jpg,train,grp_negatives_1117_1356,train,general_negative_scene
image1228.jpg,train,grp_negatives_1117_1356,train,general_negative_scene
image1229.jpg,test,grp_negatives_1117_1356,train,general_negative_scene
image1230.jpg,train,grp_negatives_1117_1356,train,general_negative_scene
image1231.jpg,test,grp_negatives_1117_1356,train,general_negative_scene
image1232.jpg,train,grp_negatives_1117_1356,train,general_negative_scene
image1233.jpg,train,grp_negatives_1117_1356,train,general_negative_scene
image1234.jpg,val,grp_negatives_1117_1356,train,general_negative_scene
image1235.jpg,test,grp_negatives_1117_1356,train,general_negative_scene
image1236.jpg,train,grp_negatives_1117_1356,train,general_negative_scene
image1237.jpg,train,grp_negatives_1117_1356,train,general_negative_scene
image1238.jpg,train,grp_negatives_1117_1356,train,general_negative_scene
image1239.jpg,test,grp_negatives_1117_1356,train,general_negative_scene
image1240.jpg,train,grp_negatives_1117_1356,train,general_negative_scene
image1241.jpg,train,grp_negatives_1117_1356,train,general_negative_scene
image1242.jpg,train,grp_negatives_1117_1356,train,general_negative_scene
image1243.jpg,train,grp_negatives_1117_1356,train,general_negative_scene
image1244.jpg,train,grp_negatives_1117_1356,train,general_negative_scene
image1245.jpg,train,grp_negatives_1117_1356,train,general_negative_scene
image1246.jpg,train,grp_negatives_1117_1356,train,general_negative_scene
image1247.jpg,train,grp_negatives_1117_1356,train,general_negative_scene
image1248.jpg,val,grp_negatives_1117_1356,train,general_negative_scene
image1249.jpg,train,grp_negatives_1117_1356,train,general_negative_scene
image1250.jpg,train,grp_negatives_1117_1356,train,general_negative_scene
image1251.jpg,train,grp_negatives_1117_1356,train,general_negative_scene
image1252.jpg,test,grp_negatives_1117_1356,train,general_negative_scene
image1253.jpg,train,grp_negatives_1117_1356,train,general_negative_scene
image1254.jpg,train,grp_negatives_1117_1356,train,general_negative_scene
image1255.jpg,train,grp_negatives_1117_1356,train,general_negative_scene
image1256.jpg,test,grp_negatives_1117_1356,train,general_negative_scene
image1257.jpg,train,grp_negatives_1117_1356,train,general_negative_scene
image1258.jpg,train,grp_negatives_1117_1356,train,general_negative_scene
image1259.jpg,train,grp_negatives_1117_1356,train,general_negative_scene
image1260.jpg,train,grp_negatives_1117_1356,train,general_negative_scene
image1261.jpg,train,grp_negatives_1117_1356,train,general_negative_scene
image1262.jpg,train,grp_negatives_1117_1356,train,general_negative_scene
image1263.jpg,train,grp_negatives_1117_1356,train,general_negative_scene
image1264.jpg,test,grp_negatives_1117_1356,train,general_negative_scene
image1265.jpg,train,grp_negatives_1117_1356,train,general_negative_scene
image1266.jpg,train,grp_negatives_1117_1356,train,general_negative_scene
image1267.jpg,train,grp_negatives_1117_1356,train,general_negative_scene
image1268.jpg,train,grp_negatives_1117_1356,train,general_negative_scene
image1269.jpg,train,grp_negatives_1117_1356,train,general_negative_scene
image1270.jpg,test,grp_negatives_1117_1356,train,general_negative_scene
image1271.jpg,train,grp_negatives_1117_1356,train,general_negative_scene
image1272.jpg,train,grp_negatives_1117_1356,train,general_negative_scene
image1273.jpg,val,grp_negatives_1117_1356,train,general_negative_scene
image1274.jpg,train,grp_negatives_1117_1356,train,general_negative_scene
image1275.jpg,train,grp_negatives_1117_1356,train,general_negative_scene
image1276.jpg,test,grp_negatives_1117_1356,train,general_negative_scene
image1277.jpg,train,grp_negatives_1117_1356,train,general_negative_scene
image1278.jpg,train,grp_negatives_1117_1356,train,general_negative_scene
image1279.jpg,train,grp_negatives_1117_1356,train,general_negative_scene
image1280.jpg,train,grp_negatives_1117_1356,train,general_negative_scene
image1281.jpg,train,grp_negatives_1117_1356,train,general_negative_scene
image1282.jpg,train,grp_negatives_1117_1356,train,general_negative_scene
image1283.jpg,train,grp_negatives_1117_1356,train,general_negative_scene
image1284.jpg,train,grp_negatives_1117_1356,train,general_negative_scene
image1285.jpg,train,grp_negatives_1117_1356,train,general_negative_scene
image1286.jpg,train,grp_negatives_1117_1356,train,general_negative_scene
image1287.jpg,train,grp_negatives_1117_1356,train,general_negative_scene
image1288.jpg,train,grp_negatives_1117_1356,train,general_negative_scene
image1289.jpg,train,grp_negatives_1117_1356,train,general_negative_scene
image1290.jpg,val,grp_negatives_1117_1356,train,general_negative_scene
image1291.jpg,train,grp_negatives_1117_1356,train,general_negative_scene
image1292.jpg,test,grp_negatives_1117_1356,train,general_negative_scene
image1293.jpg,test,grp_negatives_1117_1356,train,general_negative_scene
image1294.jpg,train,grp_negatives_1117_1356,train,general_negative_scene
image1295.jpg,train,grp_negatives_1117_1356,train,general_negative_scene
image1296.jpg,train,grp_negatives_1117_1356,train,general_negative_scene
image1297.jpg,train,grp_negatives_1117_1356,train,general_negative_scene
image1298.jpg,train,grp_negatives_1117_1356,train,general_negative_scene
image1299.jpg,train,grp_negatives_1117_1356,train,general_negative_scene
image1300.jpg,train,grp_negatives_1117_1356,train,general_negative_scene
image1301.jpg,val,grp_negatives_1117_1356,train,general_negative_scene
image1302.jpg,train,grp_negatives_1117_1356,train,general_negative_scene
image1303.jpg,train,grp_negatives_1117_1356,train,general_negative_scene
image1304.jpg,train,grp_negatives_1117_1356,train,general_negative_scene
image1305.jpg,train,grp_negatives_1117_1356,train,general_negative_scene
image1306.jpg,test,grp_negatives_1117_1356,train,general_negative_scene
image1307.jpg,train,grp_negatives_1117_1356,train,general_negative_scene
image1308.jpg,train,grp_negatives_1117_1356,train,general_negative_scene
image1309.jpg,train,grp_negatives_1117_1356,train,general_negative_scene
image1310.jpg,train,grp_negatives_1117_1356,train,general_negative_scene
image1311.jpg,train,grp_negatives_1117_1356,train,general_negative_scene
image1312.jpg,train,grp_negatives_1117_1356,train,general_negative_scene
image1313.jpg,train,grp_negatives_1117_1356,train,general_negative_scene
image1314.jpg,train,grp_negatives_1117_1356,train,general_negative_scene
image1315.jpg,train,grp_negatives_1117_1356,train,general_negative_scene
image1316.jpg,train,grp_negatives_1117_1356,train,general_negative_scene
image1317.jpg,train,grp_negatives_1117_1356,train,general_negative_scene
image1318.jpg,train,grp_negatives_1117_1356,train,general_negative_scene
image1319.jpg,train,grp_negatives_1117_1356,train,general_negative_scene
image1320.jpg,train,grp_negatives_1117_1356,train,general_negative_scene
image1321.jpg,train,grp_negatives_1117_1356,train,general_negative_scene
image1322.jpg,train,grp_negatives_1117_1356,train,general_negative_scene
image1323.jpg,train,grp_negatives_1117_1356,train,general_negative_scene
image1324.jpg,train,grp_negatives_1117_1356,train,general_negative_scene
image1325.jpg,train,grp_negatives_1117_1356,train,general_negative_scene
image1326.jpg,train,grp_negatives_1117_1356,train,general_negative_scene
image1327.jpg,train,grp_negatives_1117_1356,train,general_negative_scene
image1328.jpg,train,grp_negatives_1117_1356,train,general_negative_scene
image1329.jpg,train,grp_negatives_1117_1356,train,general_negative_scene
image1330.jpg,test,grp_negatives_1117_1356,train,general_negative_scene
image1331.jpg,test,grp_negatives_1117_1356,train,general_negative_scene
image1332.jpg,test,grp_negatives_1117_1356,train,general_negative_scene
image1333.jpg,val,grp_negatives_1117_1356,train,general_negative_scene
image1334.jpg,train,grp_negatives_1117_1356,train,general_negative_scene
image1335.jpg,train,grp_negatives_1117_1356,train,general_negative_scene
image1336.jpg,train,grp_negatives_1117_1356,train,general_negative_scene
image1337.jpg,train,grp_negatives_1117_1356,train,general_negative_scene
image1338.jpg,train,grp_negatives_1117_1356,train,general_negative_scene
image1339.jpg,train,grp_negatives_1117_1356,train,general_negative_scene
image1340.jpg,train,grp_negatives_1117_1356,train,general_negative_scene
image1341.jpg,val,grp_negatives_1117_1356,train,general_negative_scene
image1342.jpg,val,grp_negatives_1117_1356,train,general_negative_scene
image1343.jpg,train,grp_negatives_1117_1356,train,general_negative_scene
image1344.jpg,test,grp_negatives_1117_1356,train,general_negative_scene
image1345.jpg,train,grp_negatives_1117_1356,train,general_negative_scene
image1346.jpg,val,grp_negatives_1117_1356,train,general_negative_scene
image1347.jpg,train,grp_negatives_1117_1356,train,general_negative_scene
image1348.jpg,train,grp_negatives_1117_1356,train,general_negative_scene
image1349.jpg,train,grp_negatives_1117_1356,train,general_negative_scene
image1350.jpg,train,grp_negatives_1117_1356,train,general_negative_scene
image1351.jpg,train,grp_negatives_1117_1356,train,general_negative_scene
image1352.jpg,train,grp_negatives_1117_1356,train,general_negative_scene
image1353.jpg,train,grp_negatives_1117_1356,train,general_negative_scene
image1354.jpg,test,grp_negatives_1117_1356,train,general_negative_scene
image1355.jpg,train,grp_negatives_1117_1356,train,general_negative_scene
image1356.jpg,train,grp_negatives_1117_1356,train,general_negative_scene
image1357.jpg,train,grp_negatives_1357_1386,val,general_negative_scene
image1358.jpg,train,grp_negatives_1357_1386,val,general_negative_scene
image1359.jpg,train,grp_negatives_1357_1386,val,general_negative_scene
image1360.jpg,train,grp_negatives_1357_1386,val,general_negative_scene
image1361.jpg,train,grp_negatives_1357_1386,val,general_negative_scene
image1362.jpg,train,grp_negatives_1357_1386,val,general_negative_scene
image1363.jpg,train,grp_negatives_1357_1386,val,general_negative_scene
image1364.jpg,train,grp_negatives_1357_1386,val,general_negative_scene
image1365.jpg,train,grp_negatives_1357_1386,val,general_negative_scene
image1366.jpg,train,grp_negatives_1357_1386,val,general_negative_scene
image1367.jpg,train,grp_negatives_1357_1386,val,general_negative_scene
image1368.jpg,train,grp_negatives_1357_1386,val,general_negative_scene
image1369.jpg,val,grp_negatives_1357_1386,val,general_negative_scene
image1370.jpg,train,grp_negatives_1357_1386,val,general_negative_scene
image1371.jpg,train,grp_negatives_1357_1386,val,general_negative_scene
image1372.jpg,train,grp_negatives_1357_1386,val,general_negative_scene
image1373.jpg,train,grp_negatives_1357_1386,val,general_negative_scene
image1374.jpg,train,grp_negatives_1357_1386,val,general_negative_scene
image1375.jpg,val,grp_negatives_1357_1386,val,general_negative_scene
image1376.jpg,train,grp_negatives_1357_1386,val,general_negative_scene
image1377.jpg,val,grp_negatives_1357_1386,val,general_negative_scene
image1378.jpg,train,grp_negatives_1357_1386,val,general_negative_scene
image1379.jpg,train,grp_negatives_1357_1386,val,general_negative_scene
image1380.jpg,train,grp_negatives_1357_1386,val,general_negative_scene
image1381.jpg,train,grp_negatives_1357_1386,val,general_negative_scene
image1382.jpg,train,grp_negatives_1357_1386,val,general_negative_scene
image1383.jpg,train,grp_negatives_1357_1386,val,general_negative_scene
image1384.jpg,train,grp_negatives_1357_1386,val,general_negative_scene
image1385.jpg,train,grp_negatives_1357_1386,val,general_negative_scene
image1386.jpg,train,grp_negatives_1357_1386,val,general_negative_scene
image1387.jpg,train,grp_negatives_1387_1416,test,general_negative_scene
image1388.jpg,train,grp_negatives_1387_1416,test,general_negative_scene
image1389.jpg,train,grp_negatives_1387_1416,test,general_negative_scene
image1390.jpg,train,grp_negatives_1387_1416,test,general_negative_scene
image1391.jpg,train,grp_negatives_1387_1416,test,general_negative_scene
image1392.jpg,val,grp_negatives_1387_1416,test,general_negative_scene
image1393.jpg,train,grp_negatives_1387_1416,test,general_negative_scene
image1394.jpg,train,grp_negatives_1387_1416,test,general_negative_scene
image1395.jpg,train,grp_negatives_1387_1416,test,general_negative_scene
image1396.jpg,train,grp_negatives_1387_1416,test,general_negative_scene
image1397.jpg,val,grp_negatives_1387_1416,test,general_negative_scene
image1398.jpg,train,grp_negatives_1387_1416,test,general_negative_scene
image1399.jpg,train,grp_negatives_1387_1416,test,general_negative_scene
image1400.jpg,train,grp_negatives_1387_1416,test,general_negative_scene
image1401.jpg,train,grp_negatives_1387_1416,test,general_negative_scene
image1402.jpg,val,grp_negatives_1387_1416,test,general_negative_scene
image1403.jpg,train,grp_negatives_1387_1416,test,general_negative_scene
image1404.jpg,train,grp_negatives_1387_1416,test,general_negative_scene
image1405.jpg,train,grp_negatives_1387_1416,test,general_negative_scene
image1406.jpg,test,grp_negatives_1387_1416,test,general_negative_scene
image1407.jpg,train,grp_negatives_1387_1416,test,general_negative_scene
image1408.jpg,train,grp_negatives_1387_1416,test,general_negative_scene
image1409.jpg,train,grp_negatives_1387_1416,test,general_negative_scene
image1410.jpg,train,grp_negatives_1387_1416,test,general_negative_scene
image1411.jpg,train,grp_negatives_1387_1416,test,general_negative_scene
image1412.jpg,train,grp_negatives_1387_1416,test,general_negative_scene
image1413.jpg,train,grp_negatives_1387_1416,test,general_negative_scene
image1414.jpg,train,grp_negatives_1387_1416,test,general_negative_scene
image1415.jpg,train,grp_negatives_1387_1416,test,general_negative_scene
image1416.jpg,train,grp_negatives_1387_1416,test,general_negative_scene
