filename,source_split,proposed_split,group_id,issue_types,target_classes,evidence,worker_remediated_boxes,worker_review_status,qa_overlay_path,human_qa_verdict,human_qa_notes
image1205.jpg,test,train,grp_negatives_1117_1356,unboxed_object,person,"3 seated officials labeled person, no_helmet, none; 4th seated person is unboxed",4 boxes (person:4),WORKER_VISUAL_QA_VERIFIED,data/processed/construction_ppe_corrected/qa_overlays/train/image1205_qa.jpg,PASS,"Project owner human QA sign-off: PASS; reviewed by project owner on 2026-09-26."
image207.jpg,test,test,grp_scene_0207,duplicate_annotation,person,Duplicate overlapping Person (6) bounding boxes on single individual traffic guard,"3 boxes (person:1, helmet:1, vest:1)",WORKER_VISUAL_QA_VERIFIED,data/processed/construction_ppe_corrected/qa_overlays/test/image207_qa.jpg,PASS,"Project owner human QA sign-off: PASS; reviewed by project owner on 2026-09-26."
image502.jpg,test,train,grp_rooftop_a,missing_annotation,person,"Rooftop worker rotated diagonally missing Person (6) entirely; helmet, vest, boots labeled","3 boxes (person:1, helmet:1, vest:1)",WORKER_VISUAL_QA_VERIFIED,data/processed/construction_ppe_corrected/qa_overlays/train/image502_qa.jpg,PASS,"Project owner human QA sign-off: PASS; reviewed by project owner on 2026-09-26."
image538.jpg,test,test,grp_russian_railway,missing_annotation,person,5 railway trainees dancing outdoors missing Person (6) entirely; vests and helmets labeled,"12 boxes (person:4, helmet:4, vest:4)",WORKER_VISUAL_QA_VERIFIED,data/processed/construction_ppe_corrected/qa_overlays/test/image538_qa.jpg,PASS,"Project owner human QA sign-off: PASS; reviewed by project owner on 2026-09-26."
image714.jpeg,test,train,grp_scene_0714,missing_annotation,person,Worker cutting aluminum framing missing Person (6) entirely; vest labeled,"2 boxes (person:1, vest:1)",WORKER_VISUAL_QA_VERIFIED,data/processed/construction_ppe_corrected/qa_overlays/train/image714_qa.jpg,PASS,"Project owner human QA sign-off: PASS; reviewed by project owner on 2026-09-26."
image805.jpg,test,test,grp_deck_workers,missing_annotation; misclassified,person; vest,2 concrete workers on deck missing Person (6) entirely; Full-body orange work coverall/jumpsuit mislabeled as safety vest (class 2),"4 boxes (person:2, helmet:2)",WORKER_VISUAL_QA_VERIFIED,data/processed/construction_ppe_corrected/qa_overlays/test/image805_qa.jpg,PASS,"Project owner human QA sign-off: PASS; reviewed by project owner on 2026-09-26."
image810.jpg,test,test,grp_rebar_work,missing_annotation,person,"Ironworker bending over rebar missing Person (6) entirely; helmet, vest, boots labeled","3 boxes (person:1, helmet:1, vest:1)",WORKER_VISUAL_QA_VERIFIED,data/processed/construction_ppe_corrected/qa_overlays/test/image810_qa.jpg,PASS,"Project owner human QA sign-off: PASS; reviewed by project owner on 2026-09-26."
image825.jpg,test,train,grp_lobby_tryon,missing_annotation,person,Man trying on PPE in mirror missing Person (6) entirely; cross-split leak to test,"3 boxes (person:1, helmet:1, vest:1)",WORKER_VISUAL_QA_VERIFIED,data/processed/construction_ppe_corrected/qa_overlays/train/image825_qa.jpg,PASS,"Project owner human QA sign-off: PASS; reviewed by project owner on 2026-09-26."
image834.jpg,test,train,grp_lobby_tryon,missing_annotation,person,Showroom lobby try-on sequence frame missing Person (6) entirely,"3 boxes (person:1, helmet:1, vest:1)",WORKER_VISUAL_QA_VERIFIED,data/processed/construction_ppe_corrected/qa_overlays/train/image834_qa.jpg,PASS,"Project owner human QA sign-off: PASS; reviewed by project owner on 2026-09-26."
image846.jpg,test,val,grp_vietnam_road,missing_annotation,person,Road worker with timestamp overlay missing Person (6) entirely; cross-split leak to test,"3 boxes (person:1, helmet:1, vest:1)",WORKER_VISUAL_QA_VERIFIED,data/processed/construction_ppe_corrected/qa_overlays/val/image846_qa.jpg,PASS,"Project owner human QA sign-off: PASS; reviewed by project owner on 2026-09-26."
image100.jpg,train,train,grp_china_police_inspection,misclassified; unboxed_object,helmet; vest,Police peaked service visor cap mislabeled as industrial helmet (0); Police officer wearing visible reflective safety vest; vest is unboxed,"8 boxes (person:4, helmet:3, vest:1)",WORKER_VISUAL_QA_VERIFIED,data/processed/construction_ppe_corrected/qa_overlays/train/image100_qa.jpg,PASS,"Project owner human QA sign-off: PASS; reviewed by project owner on 2026-09-26."
image1008.jpeg,train,test,grp_cinderblock_masonry,unboxed_object,person,Foreground worker labeled; 2 background workers with PPE completely unboxed,"9 boxes (person:3, helmet:3, vest:3)",WORKER_VISUAL_QA_VERIFIED,data/processed/construction_ppe_corrected/qa_overlays/test/image1008_qa.jpg,PASS,"Project owner human QA sign-off: PASS; reviewed by project owner on 2026-09-26."
image109.jpg,train,train,grp_scene_0109,unboxed_object,person,Foreground workers labeled; background workers partially unboxed,"13 boxes (person:5, helmet:3, vest:5)",WORKER_VISUAL_QA_VERIFIED,data/processed/construction_ppe_corrected/qa_overlays/train/image109_qa.jpg,PASS,"Project owner human QA sign-off: PASS; reviewed by project owner on 2026-09-26."
image1169.jpg,train,train,grp_negatives_1117_1356,missing_annotation,person,Fashion model in knit sweater missing Person (6) entirely; annotated only with negative classes,1 boxes (person:1),WORKER_VISUAL_QA_VERIFIED,data/processed/construction_ppe_corrected/qa_overlays/train/image1169_qa.jpg,PASS,"Project owner human QA sign-off: PASS; reviewed by project owner on 2026-09-26."
image1171.jpg,train,train,grp_negatives_1117_1356,missing_annotation,person,Young man in baseball cap & t-shirt missing Person (6) entirely; negative torso labeled,1 boxes (person:1),WORKER_VISUAL_QA_VERIFIED,data/processed/construction_ppe_corrected/qa_overlays/train/image1171_qa.jpg,PASS,"Project owner human QA sign-off: PASS; reviewed by project owner on 2026-09-26."
image1357.jpg,train,val,grp_negatives_1357_1386,misclassified,helmet,Aerodynamic bicycle racing helmets mislabeled as industrial helmet (class 0),3 boxes (person:3),WORKER_VISUAL_QA_VERIFIED,data/processed/construction_ppe_corrected/qa_overlays/val/image1357_qa.jpg,PASS,"Project owner human QA sign-off: PASS; reviewed by project owner on 2026-09-26."
image1378.jpg,train,val,grp_negatives_1357_1386,missing_annotation,person,Negative everyday portrait scene frame missing Person (6) entirely,1 boxes (person:1),WORKER_VISUAL_QA_VERIFIED,data/processed/construction_ppe_corrected/qa_overlays/val/image1378_qa.jpg,PASS,"Project owner human QA sign-off: PASS; reviewed by project owner on 2026-09-26."
image3.jpeg,train,train,grp_scene_0003,misclassified,helmet,Soft fabric bucket hat mislabeled as industrial helmet (class 0),"2 boxes (person:1, vest:1)",WORKER_VISUAL_QA_VERIFIED,data/processed/construction_ppe_corrected/qa_overlays/train/image3_qa.jpg,PASS,"Project owner human QA sign-off: PASS; reviewed by project owner on 2026-09-26."
image4.jpg,train,train,grp_scene_0004,unboxed_object,vest,Worker in hi-vis vest; vest is unboxed (missing class 2),"4 boxes (person:2, helmet:1, vest:1)",WORKER_VISUAL_QA_VERIFIED,data/processed/construction_ppe_corrected/qa_overlays/train/image4_qa.jpg,PASS,"Project owner human QA sign-off: PASS; reviewed by project owner on 2026-09-26."
image472.jpg,train,train,grp_scene_0472,missing_annotation,person,Machine-detected zero Person label,"3 boxes (person:1, helmet:1, vest:1)",WORKER_VISUAL_QA_VERIFIED,data/processed/construction_ppe_corrected/qa_overlays/train/image472_qa.jpg,PASS,"Project owner human QA: PASS (2026-09-26)."
image475.jpg,train,train,grp_scene_0475,missing_annotation,person,Machine-detected zero Person label,"2 boxes (person:1, vest:1)",WORKER_VISUAL_QA_VERIFIED,data/processed/construction_ppe_corrected/qa_overlays/train/image475_qa.jpg,PASS,"Project owner human QA sign-off: PASS; reviewed by project owner on 2026-09-26."
image479.jpg,train,train,grp_scene_0479,missing_annotation,person,Machine-detected zero Person label,"2 boxes (person:1, vest:1)",WORKER_VISUAL_QA_VERIFIED,data/processed/construction_ppe_corrected/qa_overlays/train/image479_qa.jpg,PASS,"Project owner human QA sign-off: PASS; reviewed by project owner on 2026-09-26."
image482.jpg,train,train,grp_rooftop_a,missing_annotation,person,Machine-detected zero Person label,"2 boxes (person:1, vest:1)",WORKER_VISUAL_QA_VERIFIED,data/processed/construction_ppe_corrected/qa_overlays/train/image482_qa.jpg,PASS,"Project owner human QA sign-off: PASS; reviewed by project owner on 2026-09-26."
image501.jpg,train,train,grp_rooftop_a,missing_annotation,person,Machine-detected zero Person label,"3 boxes (person:1, helmet:1, vest:1)",WORKER_VISUAL_QA_VERIFIED,data/processed/construction_ppe_corrected/qa_overlays/train/image501_qa.jpg,PASS,"Project owner human QA sign-off: PASS; reviewed by project owner on 2026-09-26."
image526.jpg,train,train,grp_scene_0526,missing_annotation,person,Machine-detected zero Person label,"3 boxes (person:1, helmet:1, vest:1)",WORKER_VISUAL_QA_VERIFIED,data/processed/construction_ppe_corrected/qa_overlays/train/image526_qa.jpg,PASS,"Project owner human QA sign-off: PASS; reviewed by project owner on 2026-09-26."
image539.jpg,train,train,grp_scene_0539,missing_annotation,person,Machine-detected zero Person label,"18 boxes (person:6, helmet:6, vest:6)",WORKER_VISUAL_QA_VERIFIED,data/processed/construction_ppe_corrected/qa_overlays/train/image539_qa.jpg,PASS,"Project owner human QA sign-off: PASS; reviewed by project owner on 2026-09-26."
image554.jpg,train,train,grp_scene_0554,missing_annotation; unboxed_object,person; person,2 workers in hi-vis rotated missing Person (6) for both workers; Background person in construction scene is unboxed,"7 boxes (person:3, helmet:2, vest:2)",WORKER_VISUAL_QA_VERIFIED,data/processed/construction_ppe_corrected/qa_overlays/train/image554_qa.jpg,PASS,"Project owner human QA sign-off: PASS; reviewed by project owner on 2026-09-26."
image556.jpg,train,train,grp_scene_0556,missing_annotation,person,Rotated construction scene frame missing Person (6) entirely,"20 boxes (person:10, helmet:10)",WORKER_VISUAL_QA_VERIFIED,data/processed/construction_ppe_corrected/qa_overlays/train/image556_qa.jpg,REJECT,"Project owner decision (2026-09-26): EXCLUDE_FROM_TRAINING due to inadequate low-resolution annotation quality; preserve source and corrected audit copy; apply training_exclusions.csv when packaging."
image559.jpg,train,train,grp_scene_0559,missing_annotation,person,Rotated construction scene frame missing Person (6) entirely,"3 boxes (person:1, helmet:1, vest:1)",WORKER_VISUAL_QA_VERIFIED,data/processed/construction_ppe_corrected/qa_overlays/train/image559_qa.jpg,PASS,"Project owner human QA sign-off: PASS; reviewed by project owner on 2026-09-26."
image562.jpg,train,train,grp_scene_0562,missing_annotation,person,Rotated construction scene frame missing Person (6) entirely,"18 boxes (person:6, helmet:6, vest:6)",WORKER_VISUAL_QA_VERIFIED,data/processed/construction_ppe_corrected/qa_overlays/train/image562_qa.jpg,PASS,"Project owner human QA sign-off: PASS; reviewed by project owner on 2026-09-26."
image563.jpg,train,train,grp_scene_0563,missing_annotation,person,Rotated construction scene frame missing Person (6) entirely,"3 boxes (person:1, helmet:1, vest:1)",WORKER_VISUAL_QA_VERIFIED,data/processed/construction_ppe_corrected/qa_overlays/train/image563_qa.jpg,PASS,"Project owner human QA sign-off: PASS; reviewed by project owner on 2026-09-26."
image566.jpg,train,train,grp_scene_0566,missing_annotation,person,Rotated construction scene frame missing Person (6) entirely,"2 boxes (person:1, vest:1)",WORKER_VISUAL_QA_VERIFIED,data/processed/construction_ppe_corrected/qa_overlays/train/image566_qa.jpg,PASS,"Project owner human QA sign-off: PASS; reviewed by project owner on 2026-09-26."
image57.jpeg,train,test,grp_scene_0057,missing_annotation,person,Machine-detected zero Person label,2 boxes (person:2),WORKER_VISUAL_QA_VERIFIED,data/processed/construction_ppe_corrected/qa_overlays/test/image57_qa.jpg,PASS,"Project owner human QA sign-off: PASS; reviewed by project owner on 2026-09-26."
image579.jpg,train,train,grp_scene_0579,missing_annotation,person,Machine-detected zero Person label,"3 boxes (person:1, helmet:1, vest:1)",WORKER_VISUAL_QA_VERIFIED,data/processed/construction_ppe_corrected/qa_overlays/train/image579_qa.jpg,PASS,"Project owner human QA sign-off: PASS; reviewed by project owner on 2026-09-26."
image582.jpg,train,train,grp_scene_0582,missing_annotation,person,Machine-detected zero Person label,"3 boxes (person:1, helmet:1, vest:1)",WORKER_VISUAL_QA_VERIFIED,data/processed/construction_ppe_corrected/qa_overlays/train/image582_qa.jpg,PASS,"Project owner human QA sign-off: PASS; reviewed by project owner on 2026-09-26."
image629.jpg,train,train,grp_scene_0629,missing_annotation,person,Machine-detected zero Person label,"6 boxes (person:2, helmet:2, vest:2)",WORKER_VISUAL_QA_VERIFIED,data/processed/construction_ppe_corrected/qa_overlays/train/image629_qa.jpg,PASS,"Project owner human QA sign-off: PASS; reviewed by project owner on 2026-09-26."
image653.jpeg,train,train,grp_scene_0653,missing_annotation,person,Machine-detected zero Person label,"10 boxes (person:6, helmet:4)",WORKER_VISUAL_QA_VERIFIED,data/processed/construction_ppe_corrected/qa_overlays/train/image653_qa.jpg,PASS,"Project owner human QA sign-off: PASS; reviewed by project owner on 2026-09-26."
image720.jpeg,train,val,grp_scene_0720,missing_annotation,person,Machine-detected zero Person label,0 boxes (negative),WORKER_VISUAL_QA_VERIFIED,data/processed/construction_ppe_corrected/qa_overlays/val/image720_qa.jpg,PASS,"Project owner human QA sign-off: PASS; reviewed by project owner on 2026-09-26."
image734.jpeg,train,train,grp_scene_0734,missing_annotation,person,Machine-detected zero Person label,"2 boxes (person:1, vest:1)",WORKER_VISUAL_QA_VERIFIED,data/processed/construction_ppe_corrected/qa_overlays/train/image734_qa.jpg,PASS,"Project owner human QA sign-off: PASS; reviewed by project owner on 2026-09-26."
image806.jpg,train,train,grp_fall_incident,missing_annotation,person,Fallen worker and attending colleague missing Person (6) for both workers,"5 boxes (person:2, helmet:1, vest:2)",WORKER_VISUAL_QA_VERIFIED,data/processed/construction_ppe_corrected/qa_overlays/train/image806_qa.jpg,PASS,"Project owner human QA sign-off: PASS; reviewed by project owner on 2026-09-26."
image807.jpeg,train,test,grp_scene_0807,missing_annotation,person,Scaffold/ground incident sequence frame missing Person (6) entirely,"3 boxes (person:1, helmet:1, vest:1)",WORKER_VISUAL_QA_VERIFIED,data/processed/construction_ppe_corrected/qa_overlays/test/image807_qa.jpg,PASS,"Project owner human QA sign-off: PASS; reviewed by project owner on 2026-09-26."
image809.jpg,train,train,grp_scene_0809,missing_annotation,person,Scaffold/ground incident sequence frame missing Person (6) entirely,"6 boxes (person:2, helmet:2, vest:2)",WORKER_VISUAL_QA_VERIFIED,data/processed/construction_ppe_corrected/qa_overlays/train/image809_qa.jpg,PASS,"Project owner human QA sign-off: PASS; reviewed by project owner on 2026-09-26."
image81.jpg,train,train,grp_scene_0081,missing_annotation,person,Machine-detected zero Person label,"3 boxes (person:1, helmet:1, vest:1)",WORKER_VISUAL_QA_VERIFIED,data/processed/construction_ppe_corrected/qa_overlays/train/image81_qa.jpg,PASS,"Project owner human QA sign-off: PASS; reviewed by project owner on 2026-09-26."
image811.jpg,train,train,grp_scene_0811,missing_annotation,person,Scaffold/ground incident sequence frame missing Person (6) entirely,"9 boxes (person:3, helmet:3, vest:3)",WORKER_VISUAL_QA_VERIFIED,data/processed/construction_ppe_corrected/qa_overlays/train/image811_qa.jpg,PASS,"Project owner human QA sign-off: PASS; reviewed by project owner on 2026-09-26."
image812.jpg,train,train,grp_scene_0812,missing_annotation,person,Scaffold/ground incident sequence frame missing Person (6) entirely,"9 boxes (person:3, helmet:3, vest:3)",WORKER_VISUAL_QA_VERIFIED,data/processed/construction_ppe_corrected/qa_overlays/train/image812_qa.jpg,PASS,"Project owner human QA sign-off: PASS; reviewed by project owner on 2026-09-26."
image813.jpg,train,train,grp_scene_0813,missing_annotation,person,Scaffold/ground incident sequence frame missing Person (6) entirely,"3 boxes (person:1, helmet:1, vest:1)",WORKER_VISUAL_QA_VERIFIED,data/processed/construction_ppe_corrected/qa_overlays/train/image813_qa.jpg,PASS,"Project owner human QA sign-off: PASS; reviewed by project owner on 2026-09-26."
image814.jpg,train,train,grp_scene_0814,missing_annotation,person,Scaffold/ground incident sequence frame missing Person (6) entirely,"3 boxes (person:1, helmet:1, vest:1)",WORKER_VISUAL_QA_VERIFIED,data/processed/construction_ppe_corrected/qa_overlays/train/image814_qa.jpg,PASS,"Project owner human QA sign-off: PASS; reviewed by project owner on 2026-09-26."
image815.jpg,train,train,grp_scene_0815,missing_annotation,person,Scaffold/ground incident sequence frame missing Person (6) entirely,"3 boxes (person:1, helmet:1, vest:1)",WORKER_VISUAL_QA_VERIFIED,data/processed/construction_ppe_corrected/qa_overlays/train/image815_qa.jpg,PASS,"Project owner human QA sign-off: PASS; reviewed by project owner on 2026-09-26."
image816.jpg,train,train,grp_scene_0816,missing_annotation,person,Scaffold/ground incident sequence frame missing Person (6) entirely,"3 boxes (person:1, helmet:1, vest:1)",WORKER_VISUAL_QA_VERIFIED,data/processed/construction_ppe_corrected/qa_overlays/train/image816_qa.jpg,PASS,"Project owner human QA sign-off: PASS; reviewed by project owner on 2026-09-26."
image817.jpg,train,test,grp_scene_0817,missing_annotation,person,Scaffold/ground incident sequence frame missing Person (6) entirely,"3 boxes (person:1, helmet:1, vest:1)",WORKER_VISUAL_QA_VERIFIED,data/processed/construction_ppe_corrected/qa_overlays/test/image817_qa.jpg,PASS,"Project owner human QA sign-off: PASS; reviewed by project owner on 2026-09-26."
image818.jpeg,train,train,grp_scene_0818,missing_annotation,person,Scaffold/ground incident sequence frame missing Person (6) entirely,"2 boxes (person:1, vest:1)",WORKER_VISUAL_QA_VERIFIED,data/processed/construction_ppe_corrected/qa_overlays/train/image818_qa.jpg,PASS,"Project owner human QA sign-off: PASS; reviewed by project owner on 2026-09-26."
image819.jpg,train,train,grp_scene_0819,missing_annotation,person,Scaffold/ground incident sequence frame missing Person (6) entirely,"3 boxes (person:1, helmet:1, vest:1)",WORKER_VISUAL_QA_VERIFIED,data/processed/construction_ppe_corrected/qa_overlays/train/image819_qa.jpg,PASS,"Project owner human QA sign-off: PASS; reviewed by project owner on 2026-09-26."
image82.jpg,train,train,grp_scene_0082,missing_annotation,person,Machine-detected zero Person label,"3 boxes (person:1, helmet:1, vest:1)",WORKER_VISUAL_QA_VERIFIED,data/processed/construction_ppe_corrected/qa_overlays/train/image82_qa.jpg,PASS,"Project owner human QA sign-off: PASS; reviewed by project owner on 2026-09-26."
image820.jpg,train,train,grp_lobby_tryon,missing_annotation,person,Man trying on PPE in mirror missing Person (6) entirely; helmet and vest labeled,"3 boxes (person:1, helmet:1, vest:1)",WORKER_VISUAL_QA_VERIFIED,data/processed/construction_ppe_corrected/qa_overlays/train/image820_qa.jpg,PASS,"Project owner human QA sign-off: PASS; reviewed by project owner on 2026-09-26."
image821.jpg,train,train,grp_lobby_tryon,missing_annotation,person,Showroom lobby try-on sequence frame missing Person (6) entirely,"3 boxes (person:1, helmet:1, vest:1)",WORKER_VISUAL_QA_VERIFIED,data/processed/construction_ppe_corrected/qa_overlays/train/image821_qa.jpg,PASS,"Project owner human QA sign-off: PASS; reviewed by project owner on 2026-09-26."
image822.jpg,train,train,grp_lobby_tryon,missing_annotation,person,Showroom lobby try-on sequence frame missing Person (6) entirely,"3 boxes (person:1, helmet:1, vest:1)",WORKER_VISUAL_QA_VERIFIED,data/processed/construction_ppe_corrected/qa_overlays/train/image822_qa.jpg,PASS,"Project owner human QA sign-off: PASS; reviewed by project owner on 2026-09-26."
image823.jpg,train,train,grp_lobby_tryon,missing_annotation,person,Showroom lobby try-on sequence frame missing Person (6) entirely,"3 boxes (person:1, helmet:1, vest:1)",WORKER_VISUAL_QA_VERIFIED,data/processed/construction_ppe_corrected/qa_overlays/train/image823_qa.jpg,PASS,"Project owner human QA sign-off: PASS; reviewed by project owner on 2026-09-26."
image827.jpg,train,train,grp_lobby_tryon,missing_annotation,person,Showroom lobby try-on sequence frame missing Person (6) entirely,"3 boxes (person:1, helmet:1, vest:1)",WORKER_VISUAL_QA_VERIFIED,data/processed/construction_ppe_corrected/qa_overlays/train/image827_qa.jpg,PASS,"Project owner human QA sign-off: PASS; reviewed by project owner on 2026-09-26."
image828.jpg,train,train,grp_lobby_tryon,missing_annotation,person,Showroom lobby try-on sequence frame missing Person (6) entirely,"3 boxes (person:1, helmet:1, vest:1)",WORKER_VISUAL_QA_VERIFIED,data/processed/construction_ppe_corrected/qa_overlays/train/image828_qa.jpg,PASS,"Project owner human QA sign-off: PASS; reviewed by project owner on 2026-09-26."
image829.jpg,train,train,grp_lobby_tryon,missing_annotation,person,Showroom lobby try-on sequence frame missing Person (6) entirely,"3 boxes (person:1, helmet:1, vest:1)",WORKER_VISUAL_QA_VERIFIED,data/processed/construction_ppe_corrected/qa_overlays/train/image829_qa.jpg,PASS,"Project owner human QA sign-off: PASS; reviewed by project owner on 2026-09-26."
image83.jpg,train,train,grp_scene_0083,missing_annotation,person,Machine-detected zero Person label,"3 boxes (person:1, helmet:1, vest:1)",WORKER_VISUAL_QA_VERIFIED,data/processed/construction_ppe_corrected/qa_overlays/train/image83_qa.jpg,PASS,"Project owner human QA sign-off: PASS; reviewed by project owner on 2026-09-26."
image830.jpeg,train,train,grp_lobby_tryon,missing_annotation,person,Showroom lobby try-on sequence frame missing Person (6) entirely,"3 boxes (person:1, helmet:1, vest:1)",WORKER_VISUAL_QA_VERIFIED,data/processed/construction_ppe_corrected/qa_overlays/train/image830_qa.jpg,PASS,"Project owner human QA sign-off: PASS; reviewed by project owner on 2026-09-26."
image831.jpg,train,train,grp_lobby_tryon,missing_annotation,person,Showroom lobby try-on sequence frame missing Person (6) entirely,"15 boxes (person:8, helmet:4, vest:3)",WORKER_VISUAL_QA_VERIFIED,data/processed/construction_ppe_corrected/qa_overlays/train/image831_qa.jpg,PASS,"Project owner human QA sign-off: PASS; reviewed by project owner on 2026-09-26."
image832.jpg,train,train,grp_lobby_tryon,missing_annotation,person,Showroom lobby try-on sequence frame missing Person (6) entirely,"3 boxes (person:1, helmet:1, vest:1)",WORKER_VISUAL_QA_VERIFIED,data/processed/construction_ppe_corrected/qa_overlays/train/image832_qa.jpg,PASS,"Project owner human QA sign-off: PASS; reviewed by project owner on 2026-09-26."
image833.jpg,train,train,grp_lobby_tryon,missing_annotation,person,Showroom lobby try-on sequence frame missing Person (6) entirely,"3 boxes (person:1, helmet:1, vest:1)",WORKER_VISUAL_QA_VERIFIED,data/processed/construction_ppe_corrected/qa_overlays/train/image833_qa.jpg,PASS,"Project owner human QA sign-off: PASS; reviewed by project owner on 2026-09-26."
image835.jpg,train,train,grp_lobby_tryon,missing_annotation,person,Showroom lobby try-on sequence frame missing Person (6) entirely,"3 boxes (person:1, helmet:1, vest:1)",WORKER_VISUAL_QA_VERIFIED,data/processed/construction_ppe_corrected/qa_overlays/train/image835_qa.jpg,PASS,"Project owner human QA sign-off: PASS; reviewed by project owner on 2026-09-26."
image836.jpg,train,train,grp_lobby_tryon,missing_annotation,person,Showroom lobby try-on sequence frame missing Person (6) entirely,"3 boxes (person:1, helmet:1, vest:1)",WORKER_VISUAL_QA_VERIFIED,data/processed/construction_ppe_corrected/qa_overlays/train/image836_qa.jpg,PASS,"Project owner human QA sign-off: PASS; reviewed by project owner on 2026-09-26."
image837.jpg,train,train,grp_lobby_tryon,missing_annotation,person,Showroom lobby try-on sequence frame missing Person (6) entirely,"3 boxes (person:1, helmet:1, vest:1)",WORKER_VISUAL_QA_VERIFIED,data/processed/construction_ppe_corrected/qa_overlays/train/image837_qa.jpg,PASS,"Project owner human QA sign-off: PASS; reviewed by project owner on 2026-09-26."
image838.jpg,train,train,grp_lobby_tryon,missing_annotation,person,Showroom lobby try-on sequence frame missing Person (6) entirely,"3 boxes (person:1, helmet:1, vest:1)",WORKER_VISUAL_QA_VERIFIED,data/processed/construction_ppe_corrected/qa_overlays/train/image838_qa.jpg,PASS,"Project owner human QA sign-off: PASS; reviewed by project owner on 2026-09-26."
image839.jpg,train,train,grp_lobby_tryon,missing_annotation,person,Showroom lobby try-on sequence frame missing Person (6) entirely,"3 boxes (person:1, helmet:1, vest:1)",WORKER_VISUAL_QA_VERIFIED,data/processed/construction_ppe_corrected/qa_overlays/train/image839_qa.jpg,PASS,"Project owner human QA sign-off: PASS; reviewed by project owner on 2026-09-26."
image84.jpg,train,train,grp_scene_0084,missing_annotation,person,Machine-detected zero Person label,"3 boxes (person:1, helmet:1, vest:1)",WORKER_VISUAL_QA_VERIFIED,data/processed/construction_ppe_corrected/qa_overlays/train/image84_qa.jpg,PASS,"Project owner human QA sign-off: PASS; reviewed by project owner on 2026-09-26."
image840.jpeg,train,val,grp_vietnam_road,missing_annotation,person,Vietnam road sequence frame missing Person (6) entirely,"3 boxes (person:1, helmet:1, vest:1)",WORKER_VISUAL_QA_VERIFIED,data/processed/construction_ppe_corrected/qa_overlays/val/image840_qa.jpg,PASS,"Project owner human QA sign-off: PASS; reviewed by project owner on 2026-09-26."
image841.jpg,train,val,grp_vietnam_road,missing_annotation,person,Vietnam road sequence frame missing Person (6) entirely,"3 boxes (person:1, helmet:1, vest:1)",WORKER_VISUAL_QA_VERIFIED,data/processed/construction_ppe_corrected/qa_overlays/val/image841_qa.jpg,PASS,"Project owner human QA sign-off: PASS; reviewed by project owner on 2026-09-26."
image842.jpg,train,val,grp_vietnam_road,missing_annotation,person,Vietnam road sequence frame missing Person (6) entirely,"3 boxes (person:1, helmet:1, vest:1)",WORKER_VISUAL_QA_VERIFIED,data/processed/construction_ppe_corrected/qa_overlays/val/image842_qa.jpg,PASS,"Project owner human QA sign-off: PASS; reviewed by project owner on 2026-09-26."
image843.jpg,train,val,grp_vietnam_road,missing_annotation,person,Vietnam road sequence frame missing Person (6) entirely,"3 boxes (person:1, helmet:1, vest:1)",WORKER_VISUAL_QA_VERIFIED,data/processed/construction_ppe_corrected/qa_overlays/val/image843_qa.jpg,PASS,"Project owner human QA sign-off: PASS; reviewed by project owner on 2026-09-26."
image844.jpg,train,val,grp_vietnam_road,missing_annotation,person,Vietnam road sequence frame missing Person (6) entirely,"3 boxes (person:1, helmet:1, vest:1)",WORKER_VISUAL_QA_VERIFIED,data/processed/construction_ppe_corrected/qa_overlays/val/image844_qa.jpg,PASS,"Project owner human QA sign-off: PASS; reviewed by project owner on 2026-09-26."
image845.jpg,train,val,grp_vietnam_road,missing_annotation,person,Vietnam road sequence frame missing Person (6) entirely,"3 boxes (person:1, helmet:1, vest:1)",WORKER_VISUAL_QA_VERIFIED,data/processed/construction_ppe_corrected/qa_overlays/val/image845_qa.jpg,PASS,"Project owner human QA sign-off: PASS; reviewed by project owner on 2026-09-26."
image847.jpeg,train,val,grp_vietnam_road,missing_annotation,person,Vietnam road sequence frame missing Person (6) entirely,"6 boxes (person:2, helmet:2, vest:2)",WORKER_VISUAL_QA_VERIFIED,data/processed/construction_ppe_corrected/qa_overlays/val/image847_qa.jpg,PASS,"Project owner human QA sign-off: PASS; reviewed by project owner on 2026-09-26."
image848.jpg,train,val,grp_vietnam_road,missing_annotation,person,Vietnam road sequence frame missing Person (6) entirely,"6 boxes (person:2, helmet:2, vest:2)",WORKER_VISUAL_QA_VERIFIED,data/processed/construction_ppe_corrected/qa_overlays/val/image848_qa.jpg,PASS,"Project owner human QA sign-off: PASS; reviewed by project owner on 2026-09-26."
image849.jpg,train,val,grp_vietnam_road,missing_annotation,person,Vietnam road sequence frame missing Person (6) entirely,"10 boxes (person:5, vest:5)",WORKER_VISUAL_QA_VERIFIED,data/processed/construction_ppe_corrected/qa_overlays/val/image849_qa.jpg,PASS,"Project owner human QA sign-off: PASS; reviewed by project owner on 2026-09-26."
image85.jpg,train,train,grp_scene_0085,missing_annotation,person,Machine-detected zero Person label,"3 boxes (person:1, helmet:1, vest:1)",WORKER_VISUAL_QA_VERIFIED,data/processed/construction_ppe_corrected/qa_overlays/train/image85_qa.jpg,PASS,"Project owner human QA sign-off: PASS; reviewed by project owner on 2026-09-26."
image23.jpeg,val,train,grp_utility_wiring,missing_annotation,person,3 visible utility technicians on street/ladder missing Person (6) entirely; vests labeled,"8 boxes (person:3, helmet:2, vest:3)",WORKER_VISUAL_QA_VERIFIED,data/processed/construction_ppe_corrected/qa_overlays/train/image23_qa.jpg,PASS,"Project owner human QA sign-off: PASS; reviewed by project owner on 2026-09-26."
image808.jpg,val,val,grp_hardhat_impact_booth,missing_annotation,person,3 figures in hardhat impact booth missing Person (6) entirely; helmets and vests labeled,"9 boxes (person:3, helmet:3, vest:3)",WORKER_VISUAL_QA_VERIFIED,data/processed/construction_ppe_corrected/qa_overlays/val/image808_qa.jpg,PASS,"Project owner human QA sign-off: PASS; reviewed by project owner on 2026-09-26."
image824.jpg,val,train,grp_lobby_tryon,missing_annotation,person,Man trying on PPE in mirror missing Person (6) entirely; cross-split leak to val,"3 boxes (person:1, helmet:1, vest:1)",WORKER_VISUAL_QA_VERIFIED,data/processed/construction_ppe_corrected/qa_overlays/train/image824_qa.jpg,PASS,"Project owner human QA sign-off: PASS; reviewed by project owner on 2026-09-26."
image826.jpg,val,train,grp_lobby_tryon,missing_annotation,person,Showroom lobby try-on sequence frame missing Person (6) entirely,"3 boxes (person:1, helmet:1, vest:1)",WORKER_VISUAL_QA_VERIFIED,data/processed/construction_ppe_corrected/qa_overlays/train/image826_qa.jpg,PASS,"Project owner human QA sign-off: PASS; reviewed by project owner on 2026-09-26."
