queue_rank,candidate_id,tier,split,image,class_name,canonical_class,confidence,remediation_status,acceptance_basis,qa_flag,details,has_overlay,overlay_file,human_verdict,human_notes,reviewer,reviewed_at
1,CAND_000014,HIGH,train,WEB09361.jpg,helmet,1,0.942383,ADDED,OWNER_BATCH_ACCEPTED_HIGH,SUSPICIOUS_OVERSIZED_HELMET,"Helmet box unusually large (36.7% width, 32.2% height of image); inspect for false positive on vehicle/gear",TRUE,overlays/HIGH_train_WEB09361.jpg,PASS,CAL FIRE yellow helmet with goggles and chin strap tightly bounded in closeup shot.,ANTIGRAVITY_VISUAL_QA,2026-09-26T02:35:00+07:00
2,CAND_000122,HIGH,train,WEB09297.jpg,helmet,1,0.905762,ADDED,OWNER_BATCH_ACCEPTED_HIGH,SUSPICIOUS_OVERSIZED_HELMET,"Helmet box unusually large (31.5% width, 51.1% height of image); inspect for false positive on vehicle/gear",TRUE,overlays/HIGH_train_WEB09297.jpg,FIX,"Genuine firefighter helmet in interview scene, but bottom boundary extended over face/mouth (y2=520). Tightened y2 from 520 to 448 to precisely encompass helmet dome, visor, and ear flaps without face.",ANTIGRAVITY_VISUAL_QA,2026-09-26T02:35:00+07:00
3,CAND_001232,HIGH,test,WEB11547.jpg,helmet,1,0.746094,ADDED,OWNER_BATCH_ACCEPTED_HIGH,HELMET_VERIFICATION_SAMPLE,Small helmet detection (3.8%w x 4.4%h) on person; verify if safety helmet/hardhat vs hair/cap,TRUE,overlays/HIGH_test_WEB11547.jpg,PASS,Yellow construction hardhat on person head clearly visible and tightly bounded.,ANTIGRAVITY_VISUAL_QA,2026-09-26T02:35:00+07:00
4,CAND_001233,HIGH,test,WEB11640.jpg,helmet,1,0.746094,ADDED,OWNER_BATCH_ACCEPTED_HIGH,HELMET_VERIFICATION_SAMPLE,Small helmet detection (2.8%w x 3.6%h) on person; verify if safety helmet/hardhat vs hair/cap,TRUE,overlays/HIGH_test_WEB11640.jpg,PASS,Hardhat dome and brim clearly visible on person head; box is tight and accurate.,ANTIGRAVITY_VISUAL_QA,2026-09-26T02:35:00+07:00
5,CAND_001405,HIGH,test,WEB11805.jpg,helmet,1,0.723145,ADDED,OWNER_BATCH_ACCEPTED_HIGH,HELMET_VERIFICATION_SAMPLE,Small helmet detection (7.3%w x 8.5%h) on person; verify if safety helmet/hardhat vs hair/cap,TRUE,overlays/HIGH_test_WEB11805.jpg,REMOVE,False positive helmet detection on fabric fire-resistant hood/balaclava; no rigid safety helmet/hardhat present.,ANTIGRAVITY_VISUAL_QA,2026-09-26T02:35:00+07:00
6,CAND_001436,HIGH,test,WEB11547.jpg,helmet,1,0.716797,ADDED,OWNER_BATCH_ACCEPTED_HIGH,HELMET_VERIFICATION_SAMPLE,Small helmet detection (4.9%w x 6.0%h) on person; verify if safety helmet/hardhat vs hair/cap,TRUE,overlays/HIGH_test_WEB11547.jpg,PASS,Yellow structural firefighting helmet with ear cover on second firefighter; tight and accurate bbox.,ANTIGRAVITY_VISUAL_QA,2026-09-26T02:35:00+07:00
7,CAND_001488,HIGH,train,WEB07274.jpg,helmet,1,0.710449,ADDED,OWNER_BATCH_ACCEPTED_HIGH,HELMET_VERIFICATION_SAMPLE,Small helmet detection (2.8%w x 5.5%h) on person; verify if safety helmet/hardhat vs hair/cap,TRUE,overlays/HIGH_train_WEB07274.jpg,PASS,Yellow safety hardhat on worker; dome and brim clearly visible and tightly bounded.,ANTIGRAVITY_VISUAL_QA,2026-09-26T02:35:00+07:00
8,CAND_001499,HIGH,train,WEB04803.jpg,helmet,1,0.708984,ADDED,OWNER_BATCH_ACCEPTED_HIGH,HELMET_VERIFICATION_SAMPLE,Small helmet detection (4.5%w x 4.4%h) on person; verify if safety helmet/hardhat vs hair/cap,TRUE,overlays/HIGH_train_WEB04803.jpg,PASS,White/yellow construction safety helmet on person; clearly visible and tightly bounded.,ANTIGRAVITY_VISUAL_QA,2026-09-26T02:35:00+07:00
9,CAND_001547,HIGH,test,WEB10620.jpg,helmet,1,0.702637,ADDED,OWNER_BATCH_ACCEPTED_HIGH,HELMET_VERIFICATION_SAMPLE,Small helmet detection (3.4%w x 3.5%h) on person; verify if safety helmet/hardhat vs hair/cap,TRUE,overlays/HIGH_test_WEB10620.jpg,PASS,Yellow firefighter helmet on firefighter in turnout bunker gear in night scene; verified.,ANTIGRAVITY_VISUAL_QA,2026-09-26T02:35:00+07:00
10,CAND_001420,HIGH,train,WEB04681.jpg,person,0,0.720215,ADDED,OWNER_BATCH_ACCEPTED_HIGH,HIGH_OVERLAP_WITH_SMOKE_GT,IoU=0.855 with GT smoke; verify if person in smoke plume vs smoke falsely tagged as person,TRUE,overlays/HIGH_train_WEB04681.jpg,REMOVE,False positive person detection on dark vertical industrial smoke plume rising from burning warehouse in aerial shot; no person present.,ANTIGRAVITY_VISUAL_QA,2026-09-26T02:35:00+07:00
11,CAND_000593,HIGH,test,WEB10675.jpg,person,0,0.835449,ADDED,OWNER_BATCH_ACCEPTED_HIGH,HIGH_OVERLAP_WITH_SMOKE_GT,IoU=0.551 with GT smoke; verify if person occluded by smoke,TRUE,overlays/HIGH_test_WEB10675.jpg,REMOVE,False positive person detection on vehicle windshield suction cup/dashboard camera mount filming fire; no person present.,ANTIGRAVITY_VISUAL_QA,2026-09-26T02:35:00+07:00
12,CAND_001228,HIGH,train,WEB07625.jpg,person,0,0.74707,ADDED,OWNER_BATCH_ACCEPTED_HIGH,HIGH_OVERLAP_WITH_SMOKE_GT,IoU=0.529 with GT smoke; verify person standing inside smoke region,TRUE,overlays/HIGH_train_WEB07625.jpg,REMOVE,False positive person detection on dark billowing smoke plume rising from crash/wildfire site; no person present.,ANTIGRAVITY_VISUAL_QA,2026-09-26T02:35:00+07:00
13,CAND_000704,HIGH,train,WEB07526.jpg,person,0,0.820801,ADDED,OWNER_BATCH_ACCEPTED_HIGH,HIGH_OVERLAP_SAME_CLASS_PAIR,IoU=0.399 between CAND_000704 and CAND_001383; CAND_001383 spans broad group box while CAND_000704 is individual,TRUE,overlays/HIGH_train_WEB07526.jpg,PASS,Real person (man on left in suit with arm raised); accurate tight individual bbox.,ANTIGRAVITY_VISUAL_QA,2026-09-26T02:35:00+07:00
14,CAND_001383,HIGH,train,WEB07526.jpg,person,0,0.726562,ADDED,OWNER_BATCH_ACCEPTED_HIGH,HIGH_OVERLAP_SAME_CLASS_PAIR,IoU=0.399 between CAND_000704 and CAND_001383; CAND_001383 spans broad group box while CAND_000704 is individual,TRUE,overlays/HIGH_train_WEB07526.jpg,REMOVE,Redundant multi-person group box spanning across multiple individuals already bounded by individual person detections.,ANTIGRAVITY_VISUAL_QA,2026-09-26T02:35:00+07:00
15,CAND_000851,HIGH,train,WEB06797.jpg,person,0,0.800781,ADDED,OWNER_BATCH_ACCEPTED_HIGH,HIGH_OVERLAP_SAME_CLASS_PAIR,IoU=0.344 between CAND_000851 and CAND_001297; check if two overlapping individuals or duplicate bounding box,TRUE,overlays/HIGH_train_WEB06797.jpg,PASS,Real person (woman in pink shirt in foreground); accurate tight individual bbox.,ANTIGRAVITY_VISUAL_QA,2026-09-26T02:35:00+07:00
16,CAND_001297,HIGH,train,WEB06797.jpg,person,0,0.739258,ADDED,OWNER_BATCH_ACCEPTED_HIGH,HIGH_OVERLAP_SAME_CLASS_PAIR,IoU=0.344 between CAND_000851 and CAND_001297; check if two overlapping individuals or duplicate bounding box,TRUE,overlays/HIGH_train_WEB06797.jpg,PASS,Real person (man in lime green shirt walking directly behind woman); accurate tight individual bbox.,ANTIGRAVITY_VISUAL_QA,2026-09-26T02:35:00+07:00
17,CAND_000325,HIGH,train,WEB04194.jpg,person,0,0.874512,ADDED,OWNER_BATCH_ACCEPTED_HIGH,HIGH_OVERLAP_SAME_CLASS_PAIR,IoU=0.328 between CAND_000325 and CAND_000910; check crowded scene separation,TRUE,overlays/HIGH_train_WEB04194.jpg,PASS,Real person (firefighter on left fighting fire); accurate individual bbox.,ANTIGRAVITY_VISUAL_QA,2026-09-26T02:35:00+07:00
18,CAND_000910,HIGH,train,WEB04194.jpg,person,0,0.791992,ADDED,OWNER_BATCH_ACCEPTED_HIGH,HIGH_OVERLAP_SAME_CLASS_PAIR,IoU=0.328 between CAND_000325 and CAND_000910; check crowded scene separation,TRUE,overlays/HIGH_train_WEB04194.jpg,PASS,Real person (firefighter on right in red gear facing away); accurate individual bbox.,ANTIGRAVITY_VISUAL_QA,2026-09-26T02:35:00+07:00
19,CAND_000241,HIGH,test,WEB11113.jpg,person,0,0.88623,ADDED,OWNER_BATCH_ACCEPTED_HIGH,HIGH_OVERLAP_SAME_CLASS_PAIR,IoU=0.313 between CAND_000241 and CAND_000895; verify child/person separation vs double box,TRUE,overlays/HIGH_test_WEB11113.jpg,PASS,Real person (man in orange t-shirt in crowd); accurate individual bbox.,ANTIGRAVITY_VISUAL_QA,2026-09-26T02:35:00+07:00
20,CAND_000895,HIGH,test,WEB11113.jpg,person,0,0.793945,ADDED,OWNER_BATCH_ACCEPTED_HIGH,HIGH_OVERLAP_SAME_CLASS_PAIR,IoU=0.313 between CAND_000241 and CAND_000895; verify child/person separation vs double box,TRUE,overlays/HIGH_test_WEB11113.jpg,PASS,Real person (shirtless man to left of orange shirt); accurate individual bbox.,ANTIGRAVITY_VISUAL_QA,2026-09-26T02:35:00+07:00
21,CAND_000088,HIGH,train,WEB07139.jpg,person,0,0.915527,ADDED,OWNER_BATCH_ACCEPTED_HIGH,HIGH_OVERLAP_SAME_CLASS_PAIR,IoU=0.303 between CAND_000088 and CAND_000089; two people standing side-by-side with arm overlap,TRUE,overlays/HIGH_train_WEB07139.jpg,PASS,Real person (Japanese volunteer firefighter with back emblem); accurate tight bbox.,ANTIGRAVITY_VISUAL_QA,2026-09-26T02:35:00+07:00
22,CAND_000089,HIGH,train,WEB07139.jpg,person,0,0.915527,ADDED,OWNER_BATCH_ACCEPTED_HIGH,HIGH_OVERLAP_SAME_CLASS_PAIR,IoU=0.303 between CAND_000088 and CAND_000089; two people standing side-by-side with arm overlap,TRUE,overlays/HIGH_train_WEB07139.jpg,PASS,Real person (Japanese volunteer firefighter holding hose); accurate tight bbox.,ANTIGRAVITY_VISUAL_QA,2026-09-26T02:35:00+07:00
23,CAND_000001,HIGH,train,WEB07059.jpg,person,0,0.958984,ADDED,OWNER_BATCH_ACCEPTED_HIGH,EXTREME_GEOMETRY_OR_BORDER_TOUCH,"Aspect ratio H/W=1.28, touches_edge=True; verify truncation and box tightness",TRUE,overlays/HIGH_train_WEB07059.jpg,PASS,"Real person in foreground plaid shirt; naturally truncated by camera frame edges, tight bbox.",ANTIGRAVITY_VISUAL_QA,2026-09-26T02:35:00+07:00
24,CAND_000493,HIGH,val,WEB07656.jpg,person,0,0.850098,ADDED,OWNER_BATCH_ACCEPTED_HIGH,EXTREME_GEOMETRY_OR_BORDER_TOUCH,"Aspect ratio H/W=0.50, touches_edge=False; verify truncation and box tightness",TRUE,overlays/HIGH_val_WEB07656.jpg,PASS,Real person leaning on pickup truck tailgate with outstretched arm; tight and accurate visible bbox.,ANTIGRAVITY_VISUAL_QA,2026-09-26T02:35:00+07:00
25,CAND_000593,HIGH,test,WEB10675.jpg,person,0,0.835449,ADDED,OWNER_BATCH_ACCEPTED_HIGH,EXTREME_GEOMETRY_OR_BORDER_TOUCH,"Aspect ratio H/W=0.61, touches_edge=True; verify truncation and box tightness",TRUE,overlays/HIGH_test_WEB10675.jpg,REMOVE,Duplicate queue entry for CAND_000593 (windshield suction cup mount false positive); removed.,ANTIGRAVITY_VISUAL_QA,2026-09-26T02:35:00+07:00
26,CAND_000705,HIGH,test,WEB10118.jpg,person,0,0.820312,ADDED,OWNER_BATCH_ACCEPTED_HIGH,EXTREME_GEOMETRY_OR_BORDER_TOUCH,"Aspect ratio H/W=0.57, touches_edge=False; verify truncation and box tightness",TRUE,overlays/HIGH_test_WEB10118.jpg,REMOVE,"Unusable extreme edge truncation showing only partial dark scalp/hair at bottom frame border with zero face, torso, or limbs.",ANTIGRAVITY_VISUAL_QA,2026-09-26T02:35:00+07:00
27,CAND_000894,HIGH,test,WEB10414.jpg,person,0,0.793945,ADDED,OWNER_BATCH_ACCEPTED_HIGH,EXTREME_GEOMETRY_OR_BORDER_TOUCH,"Aspect ratio H/W=0.50, touches_edge=False; verify truncation and box tightness",TRUE,overlays/HIGH_test_WEB10414.jpg,REMOVE,Unusable extreme edge truncation / photobomb showing only forehead and glasses at bottom corner of scenic roof landscape.,ANTIGRAVITY_VISUAL_QA,2026-09-26T02:35:00+07:00
28,CAND_000907,HIGH,train,WEB09157.jpg,person,0,0.79248,ADDED,OWNER_BATCH_ACCEPTED_HIGH,EXTREME_GEOMETRY_OR_BORDER_TOUCH,"Aspect ratio H/W=5.62, touches_edge=True; verify truncation and box tightness",TRUE,overlays/HIGH_train_WEB09157.jpg,PASS,Real pedestrian walking along street edge with backpack; tight and accurate bbox from head to toe.,ANTIGRAVITY_VISUAL_QA,2026-09-26T02:35:00+07:00
29,CAND_000965,HIGH,val,WEB07394.jpg,person,0,0.785156,ADDED,OWNER_BATCH_ACCEPTED_HIGH,EXTREME_GEOMETRY_OR_BORDER_TOUCH,"Aspect ratio H/W=0.63, touches_edge=False; verify truncation and box tightness",TRUE,overlays/HIGH_val_WEB07394.jpg,PASS,"Real person speaking at microphones during press conference; tight bbox on visible head, shoulders, and upper torso.",ANTIGRAVITY_VISUAL_QA,2026-09-26T02:35:00+07:00
30,CAND_001011,HIGH,train,WEB07291.jpg,person,0,0.777832,ADDED,OWNER_BATCH_ACCEPTED_HIGH,EXTREME_GEOMETRY_OR_BORDER_TOUCH,"Aspect ratio H/W=5.53, touches_edge=True; verify truncation and box tightness",TRUE,overlays/HIGH_train_WEB07291.jpg,PASS,Real security officer/policeman in dark uniform walking along left edge; tight and accurate bbox.,ANTIGRAVITY_VISUAL_QA,2026-09-26T02:35:00+07:00
